Date,Warehouse_ID,Daily_Demand,Active_SKUs,Demand_7D_Avg,Demand_7D_STD,Required_Workers,Workers_for_Avg_Demand,Workload_Index,Demand_Variability,Workforce_Status,Recommendation
2024-01-01,WH_1,992,50,992.0,0.0,20.0,20.0,1.0,0.0,Adequate,Workforce capacity appears adequate. Plan approximately 20 workers.
2024-01-02,WH_1,1054,50,1023.0,43.84,22.0,21.0,1.03,0.04,Adequate,Workforce capacity appears adequate. Plan approximately 22 workers.
2024-01-03,WH_1,1131,50,1059.0,69.63,23.0,22.0,1.07,0.07,Adequate,Workforce capacity appears adequate. Plan approximately 23 workers.
2024-01-04,WH_1,1001,50,1044.5,63.83,21.0,21.0,0.96,0.06,Adequate,Workforce capacity appears adequate. Plan approximately 21 workers.
2024-01-05,WH_1,1048,50,1045.2,55.3,21.0,21.0,1.0,0.05,Adequate,Workforce capacity appears adequate. Plan approximately 21 workers.
2024-01-06,WH_1,1040,50,1044.33,49.5,21.0,21.0,1.0,0.05,Adequate,Workforce capacity appears adequate. Plan approximately 21 workers.
2024-01-07,WH_1,1055,50,1045.86,45.37,22.0,21.0,1.01,0.04,Adequate,Workforce capacity appears adequate. Plan approximately 22 workers.
2024-01-08,WH_1,1096,50,1060.71,41.67,22.0,22.0,1.03,0.04,Adequate,Workforce capacity appears adequate. Plan approximately 22 workers.
2024-01-09,WH_1,1018,50,1055.57,44.75,21.0,22.0,0.96,0.04,Adequate,Workforce capacity appears adequate. Plan approximately 21 workers.
2024-01-10,WH_1,1135,50,1056.14,45.88,23.0,22.0,1.07,0.04,Adequate,Workforce capacity appears adequate. Plan approximately 23 workers.
2024-01-11,WH_1,1157,50,1078.43,52.1,24.0,22.0,1.07,0.05,Adequate,Workforce capacity appears adequate. Plan approximately 24 workers.
2024-01-12,WH_1,1170,50,1095.86,60.03,24.0,22.0,1.07,0.05,Adequate,Workforce capacity appears adequate. Plan approximately 24 workers.
2024-01-13,WH_1,1151,50,1111.71,57.42,24.0,23.0,1.04,0.05,Adequate,Workforce capacity appears adequate. Plan approximately 24 workers.
2024-01-14,WH_1,1112,50,1119.86,51.8,23.0,23.0,0.99,0.05,Adequate,Workforce capacity appears adequate. Plan approximately 23 workers.
2024-01-15,WH_1,1121,50,1123.43,50.73,23.0,23.0,1.0,0.05,Adequate,Workforce capacity appears adequate. Plan approximately 23 workers.
2024-01-16,WH_1,1180,50,1146.57,25.09,24.0,23.0,1.03,0.02,Adequate,Workforce capacity appears adequate. Plan approximately 24 workers.
2024-01-17,WH_1,1113,50,1143.43,27.99,23.0,23.0,0.97,0.02,Adequate,Workforce capacity appears adequate. Plan approximately 23 workers.
2024-01-18,WH_1,1127,50,1139.14,27.87,23.0,23.0,0.99,0.02,Adequate,Workforce capacity appears adequate. Plan approximately 23 workers.
2024-01-19,WH_1,1141,50,1135.0,24.46,23.0,23.0,1.01,0.02,Adequate,Workforce capacity appears adequate. Plan approximately 23 workers.
2024-01-20,WH_1,1177,50,1138.71,28.87,24.0,23.0,1.03,0.03,Adequate,Workforce capacity appears adequate. Plan approximately 24 workers.
2024-01-21,WH_1,1150,50,1144.14,26.49,23.0,23.0,1.01,0.02,Adequate,Workforce capacity appears adequate. Plan approximately 23 workers.
2024-01-22,WH_1,1227,50,1159.29,38.59,25.0,24.0,1.06,0.03,Adequate,Workforce capacity appears adequate. Plan approximately 25 workers.
2024-01-23,WH_1,1136,50,1153.0,38.23,23.0,24.0,0.99,0.03,Adequate,Workforce capacity appears adequate. Plan approximately 23 workers.
2024-01-24,WH_1,1205,50,1166.14,38.0,25.0,24.0,1.03,0.03,Adequate,Workforce capacity appears adequate. Plan approximately 25 workers.
2024-01-25,WH_1,1236,50,1181.71,41.46,25.0,24.0,1.05,0.04,Adequate,Workforce capacity appears adequate. Plan approximately 25 workers.
2024-01-26,WH_1,1215,50,1192.29,38.69,25.0,24.0,1.02,0.03,Adequate,Workforce capacity appears adequate. Plan approximately 25 workers.
2024-01-27,WH_1,1139,50,1186.86,43.56,23.0,24.0,0.96,0.04,Adequate,Workforce capacity appears adequate. Plan approximately 23 workers.
2024-01-28,WH_1,1252,50,1201.43,46.16,26.0,25.0,1.04,0.04,Adequate,Workforce capacity appears adequate. Plan approximately 26 workers.
2024-01-29,WH_1,1311,50,1213.43,62.08,27.0,25.0,1.08,0.05,Adequate,Workforce capacity appears adequate. Plan approximately 27 workers.
2024-01-30,WH_1,1199,50,1222.43,52.87,24.0,25.0,0.98,0.04,Adequate,Workforce capacity appears adequate. Plan approximately 24 workers.
2024-01-31,WH_1,1309,50,1237.29,61.12,27.0,25.0,1.06,0.05,Adequate,Workforce capacity appears adequate. Plan approximately 27 workers.
2024-02-01,WH_1,1242,50,1238.14,61.15,25.0,25.0,1.0,0.05,Adequate,Workforce capacity appears adequate. Plan approximately 25 workers.
2024-02-02,WH_1,1234,50,1240.86,60.36,25.0,25.0,0.99,0.05,Adequate,Workforce capacity appears adequate. Plan approximately 25 workers.
2024-02-03,WH_1,1338,50,1269.29,50.44,27.0,26.0,1.05,0.04,Adequate,Workforce capacity appears adequate. Plan approximately 27 workers.
2024-02-04,WH_1,1274,50,1272.43,49.87,26.0,26.0,1.0,0.04,Adequate,Workforce capacity appears adequate. Plan approximately 26 workers.
2024-02-05,WH_1,1286,50,1268.86,47.48,26.0,26.0,1.01,0.04,Adequate,Workforce capacity appears adequate. Plan approximately 26 workers.
2024-02-06,WH_1,1308,50,1284.43,37.6,27.0,26.0,1.02,0.03,Adequate,Workforce capacity appears adequate. Plan approximately 27 workers.
2024-02-07,WH_1,1364,50,1292.29,47.92,28.0,26.0,1.06,0.04,Adequate,Workforce capacity appears adequate. Plan approximately 28 workers.
2024-02-08,WH_1,1279,50,1297.57,43.27,26.0,26.0,0.99,0.03,Adequate,Workforce capacity appears adequate. Plan approximately 26 workers.
2024-02-09,WH_1,1337,50,1312.29,34.71,27.0,27.0,1.02,0.03,Adequate,Workforce capacity appears adequate. Plan approximately 27 workers.
2024-02-10,WH_1,1356,50,1314.86,37.49,28.0,27.0,1.03,0.03,Adequate,Workforce capacity appears adequate. Plan approximately 28 workers.
2024-02-11,WH_1,1309,50,1319.86,33.22,27.0,27.0,0.99,0.03,Adequate,Workforce capacity appears adequate. Plan approximately 27 workers.
2024-02-12,WH_1,1341,50,1327.71,30.25,27.0,27.0,1.01,0.02,Adequate,Workforce capacity appears adequate. Plan approximately 27 workers.
2024-02-13,WH_1,1381,50,1338.14,34.59,28.0,27.0,1.03,0.03,Adequate,Workforce capacity appears adequate. Plan approximately 28 workers.
2024-02-14,WH_1,1364,50,1338.14,34.59,28.0,27.0,1.02,0.03,Adequate,Workforce capacity appears adequate. Plan approximately 28 workers.
2024-02-15,WH_1,1407,50,1356.43,31.84,29.0,28.0,1.04,0.02,Adequate,Workforce capacity appears adequate. Plan approximately 29 workers.
2024-02-16,WH_1,1348,50,1358.0,30.98,27.0,28.0,0.99,0.02,Adequate,Workforce capacity appears adequate. Plan approximately 27 workers.
2024-02-17,WH_1,1369,50,1359.86,31.23,28.0,28.0,1.01,0.02,Adequate,Workforce capacity appears adequate. Plan approximately 28 workers.
2024-02-18,WH_1,1364,50,1367.71,21.8,28.0,28.0,1.0,0.02,Adequate,Workforce capacity appears adequate. Plan approximately 28 workers.
2024-02-19,WH_1,1423,50,1379.43,26.56,29.0,28.0,1.03,0.02,Adequate,Workforce capacity appears adequate. Plan approximately 29 workers.
2024-02-20,WH_1,1392,50,1381.0,26.99,28.0,28.0,1.01,0.02,Adequate,Workforce capacity appears adequate. Plan approximately 28 workers.
2024-02-21,WH_1,1406,50,1387.0,27.25,29.0,28.0,1.01,0.02,Adequate,Workforce capacity appears adequate. Plan approximately 29 workers.
2024-02-22,WH_1,1391,50,1384.71,25.93,28.0,28.0,1.0,0.02,Adequate,Workforce capacity appears adequate. Plan approximately 28 workers.
2024-02-23,WH_1,1398,50,1391.86,20.44,28.0,28.0,1.0,0.01,Adequate,Workforce capacity appears adequate. Plan approximately 28 workers.
2024-02-24,WH_1,1456,50,1404.29,28.92,30.0,29.0,1.04,0.02,Adequate,Workforce capacity appears adequate. Plan approximately 30 workers.
2024-02-25,WH_1,1382,50,1406.86,25.31,28.0,29.0,0.98,0.02,Adequate,Workforce capacity appears adequate. Plan approximately 28 workers.
2024-02-26,WH_1,1404,50,1404.14,24.29,29.0,29.0,1.0,0.02,Adequate,Workforce capacity appears adequate. Plan approximately 29 workers.
2024-02-27,WH_1,1437,50,1410.57,26.41,29.0,29.0,1.02,0.02,Adequate,Workforce capacity appears adequate. Plan approximately 29 workers.
2024-02-28,WH_1,1366,50,1404.86,31.41,28.0,29.0,0.97,0.02,Adequate,Workforce capacity appears adequate. Plan approximately 28 workers.
2024-02-29,WH_1,1470,50,1416.14,38.9,30.0,29.0,1.04,0.03,Adequate,Workforce capacity appears adequate. Plan approximately 30 workers.
2024-03-01,WH_1,1483,50,1428.29,45.07,30.0,29.0,1.04,0.03,Adequate,Workforce capacity appears adequate. Plan approximately 30 workers.
2024-03-02,WH_1,1487,50,1432.71,49.55,30.0,29.0,1.04,0.03,Adequate,Workforce capacity appears adequate. Plan approximately 30 workers.
2024-03-03,WH_1,1447,50,1442.0,44.27,29.0,29.0,1.0,0.03,Adequate,Workforce capacity appears adequate. Plan approximately 29 workers.
2024-03-04,WH_1,1521,50,1458.71,49.33,31.0,30.0,1.04,0.03,Adequate,Workforce capacity appears adequate. Plan approximately 31 workers.
2024-03-05,WH_1,1558,50,1476.0,60.41,32.0,30.0,1.06,0.04,Adequate,Workforce capacity appears adequate. Plan approximately 32 workers.
2024-03-06,WH_1,1514,50,1497.14,36.77,31.0,30.0,1.01,0.02,Adequate,Workforce capacity appears adequate. Plan approximately 31 workers.
2024-03-07,WH_1,1501,50,1501.57,34.77,31.0,31.0,1.0,0.02,Adequate,Workforce capacity appears adequate. Plan approximately 31 workers.
2024-03-08,WH_1,1483,50,1501.57,34.77,30.0,31.0,0.99,0.02,Adequate,Workforce capacity appears adequate. Plan approximately 30 workers.
2024-03-09,WH_1,1475,50,1499.86,35.88,30.0,30.0,0.98,0.02,Adequate,Workforce capacity appears adequate. Plan approximately 30 workers.
2024-03-10,WH_1,1433,50,1497.86,39.52,29.0,30.0,0.96,0.03,Adequate,Workforce capacity appears adequate. Plan approximately 29 workers.
2024-03-11,WH_1,1557,50,1503.0,45.0,32.0,31.0,1.04,0.03,Adequate,Workforce capacity appears adequate. Plan approximately 32 workers.
2024-03-12,WH_1,1469,50,1490.29,39.05,30.0,30.0,0.99,0.03,Adequate,Workforce capacity appears adequate. Plan approximately 30 workers.
2024-03-13,WH_1,1459,50,1482.43,39.02,30.0,30.0,0.98,0.03,Adequate,Workforce capacity appears adequate. Plan approximately 30 workers.
2024-03-14,WH_1,1551,50,1489.57,46.79,32.0,30.0,1.04,0.03,Adequate,Workforce capacity appears adequate. Plan approximately 32 workers.
2024-03-15,WH_1,1441,50,1483.57,50.33,29.0,30.0,0.97,0.03,Adequate,Workforce capacity appears adequate. Plan approximately 29 workers.
2024-03-16,WH_1,1462,50,1481.71,50.93,30.0,30.0,0.99,0.03,Adequate,Workforce capacity appears adequate. Plan approximately 30 workers.
2024-03-17,WH_1,1519,50,1494.0,47.48,31.0,30.0,1.02,0.03,Adequate,Workforce capacity appears adequate. Plan approximately 31 workers.
2024-03-18,WH_1,1480,50,1483.0,38.53,30.0,30.0,1.0,0.03,Adequate,Workforce capacity appears adequate. Plan approximately 30 workers.
2024-03-19,WH_1,1438,50,1478.57,42.03,29.0,30.0,0.97,0.03,Adequate,Workforce capacity appears adequate. Plan approximately 29 workers.
2024-03-20,WH_1,1507,50,1485.43,42.22,31.0,30.0,1.01,0.03,Adequate,Workforce capacity appears adequate. Plan approximately 31 workers.
2024-03-21,WH_1,1621,50,1495.43,63.34,33.0,30.0,1.08,0.04,Adequate,Workforce capacity appears adequate. Plan approximately 33 workers.
2024-03-22,WH_1,1520,50,1506.71,58.91,31.0,31.0,1.01,0.04,Adequate,Workforce capacity appears adequate. Plan approximately 31 workers.
2024-03-23,WH_1,1494,50,1511.29,56.03,30.0,31.0,0.99,0.04,Adequate,Workforce capacity appears adequate. Plan approximately 30 workers.
2024-03-24,WH_1,1562,50,1517.43,59.28,32.0,31.0,1.03,0.04,Adequate,Workforce capacity appears adequate. Plan approximately 32 workers.
2024-03-25,WH_1,1521,50,1523.29,56.95,31.0,31.0,1.0,0.04,Adequate,Workforce capacity appears adequate. Plan approximately 31 workers.
2024-03-26,WH_1,1449,50,1524.86,54.29,29.0,31.0,0.95,0.04,Adequate,Workforce capacity appears adequate. Plan approximately 29 workers.
2024-03-27,WH_1,1560,50,1532.43,55.08,32.0,31.0,1.02,0.04,Adequate,Workforce capacity appears adequate. Plan approximately 32 workers.
2024-03-28,WH_1,1584,50,1527.14,46.23,32.0,31.0,1.04,0.03,Adequate,Workforce capacity appears adequate. Plan approximately 32 workers.
2024-03-29,WH_1,1489,50,1522.71,48.46,30.0,31.0,0.98,0.03,Adequate,Workforce capacity appears adequate. Plan approximately 30 workers.
2024-03-30,WH_1,1476,50,1520.14,50.66,30.0,31.0,0.97,0.03,Adequate,Workforce capacity appears adequate. Plan approximately 30 workers.
2024-03-31,WH_1,1428,50,1501.0,57.11,29.0,31.0,0.95,0.04,Adequate,Workforce capacity appears adequate. Plan approximately 29 workers.
2024-04-01,WH_1,1515,50,1500.14,56.81,31.0,31.0,1.01,0.04,Adequate,Workforce capacity appears adequate. Plan approximately 31 workers.
2024-04-02,WH_1,1541,50,1513.29,53.55,31.0,31.0,1.02,0.04,Adequate,Workforce capacity appears adequate. Plan approximately 31 workers.
2024-04-03,WH_1,1545,50,1511.14,51.64,31.0,31.0,1.02,0.03,Adequate,Workforce capacity appears adequate. Plan approximately 31 workers.
2024-04-04,WH_1,1508,50,1500.29,40.57,31.0,31.0,1.01,0.03,Adequate,Workforce capacity appears adequate. Plan approximately 31 workers.
2024-04-05,WH_1,1482,50,1499.29,40.98,30.0,30.0,0.99,0.03,Adequate,Workforce capacity appears adequate. Plan approximately 30 workers.
2024-04-06,WH_1,1470,50,1498.43,41.6,30.0,30.0,0.98,0.03,Adequate,Workforce capacity appears adequate. Plan approximately 30 workers.
2024-04-07,WH_1,1517,50,1511.14,27.81,31.0,31.0,1.0,0.02,Adequate,Workforce capacity appears adequate. Plan approximately 31 workers.
2024-04-08,WH_1,1491,50,1507.71,28.72,30.0,31.0,0.99,0.02,Adequate,Workforce capacity appears adequate. Plan approximately 30 workers.
2024-04-09,WH_1,1517,50,1504.29,25.31,31.0,31.0,1.01,0.02,Adequate,Workforce capacity appears adequate. Plan approximately 31 workers.
2024-04-10,WH_1,1504,50,1498.43,18.01,31.0,30.0,1.0,0.01,Adequate,Workforce capacity appears adequate. Plan approximately 31 workers.
2024-04-11,WH_1,1448,50,1489.86,25.44,29.0,30.0,0.97,0.02,Adequate,Workforce capacity appears adequate. Plan approximately 29 workers.
2024-04-12,WH_1,1477,50,1489.14,25.76,30.0,30.0,0.99,0.02,Adequate,Workforce capacity appears adequate. Plan approximately 30 workers.
2024-04-13,WH_1,1481,50,1490.71,24.72,30.0,30.0,0.99,0.02,Adequate,Workforce capacity appears adequate. Plan approximately 30 workers.
2024-04-14,WH_1,1505,50,1489.0,22.94,31.0,30.0,1.01,0.02,Adequate,Workforce capacity appears adequate. Plan approximately 31 workers.
2024-04-15,WH_1,1557,50,1498.43,34.53,32.0,30.0,1.04,0.02,Adequate,Workforce capacity appears adequate. Plan approximately 32 workers.
2024-04-16,WH_1,1502,50,1496.29,33.64,31.0,30.0,1.0,0.02,Adequate,Workforce capacity appears adequate. Plan approximately 31 workers.
2024-04-17,WH_1,1472,50,1491.71,34.58,30.0,30.0,0.99,0.02,Adequate,Workforce capacity appears adequate. Plan approximately 30 workers.
2024-04-18,WH_1,1422,50,1488.0,40.88,29.0,30.0,0.96,0.03,Adequate,Workforce capacity appears adequate. Plan approximately 29 workers.
2024-04-19,WH_1,1483,50,1488.86,40.68,30.0,30.0,1.0,0.03,Adequate,Workforce capacity appears adequate. Plan approximately 30 workers.
2024-04-20,WH_1,1423,50,1480.57,47.82,29.0,30.0,0.96,0.03,Adequate,Workforce capacity appears adequate. Plan approximately 29 workers.
2024-04-21,WH_1,1509,50,1481.14,48.19,31.0,30.0,1.02,0.03,Adequate,Workforce capacity appears adequate. Plan approximately 31 workers.
2024-04-22,WH_1,1544,50,1479.29,44.91,31.0,30.0,1.04,0.03,Adequate,Workforce capacity appears adequate. Plan approximately 31 workers.
2024-04-23,WH_1,1479,50,1476.0,43.8,30.0,30.0,1.0,0.03,Adequate,Workforce capacity appears adequate. Plan approximately 30 workers.
2024-04-24,WH_1,1471,50,1475.86,43.82,30.0,30.0,1.0,0.03,Adequate,Workforce capacity appears adequate. Plan approximately 30 workers.
2024-04-25,WH_1,1429,50,1476.86,42.44,29.0,30.0,0.97,0.03,Adequate,Workforce capacity appears adequate. Plan approximately 29 workers.
2024-04-26,WH_1,1433,50,1469.71,45.35,29.0,30.0,0.98,0.03,Adequate,Workforce capacity appears adequate. Plan approximately 29 workers.
2024-04-27,WH_1,1514,50,1482.71,42.69,31.0,30.0,1.02,0.03,Adequate,Workforce capacity appears adequate. Plan approximately 31 workers.
2024-04-28,WH_1,1479,50,1478.43,41.08,30.0,30.0,1.0,0.03,Adequate,Workforce capacity appears adequate. Plan approximately 30 workers.
2024-04-29,WH_1,1365,50,1452.86,48.51,28.0,30.0,0.94,0.03,Adequate,Workforce capacity appears adequate. Plan approximately 28 workers.
2024-04-30,WH_1,1410,50,1443.0,49.31,29.0,29.0,0.98,0.03,Adequate,Workforce capacity appears adequate. Plan approximately 29 workers.
2024-05-01,WH_1,1409,50,1434.14,49.01,29.0,29.0,0.98,0.03,Adequate,Workforce capacity appears adequate. Plan approximately 29 workers.
2024-05-02,WH_1,1491,50,1443.0,53.34,30.0,29.0,1.03,0.04,Adequate,Workforce capacity appears adequate. Plan approximately 30 workers.
2024-05-03,WH_1,1470,50,1448.29,54.01,30.0,29.0,1.01,0.04,Adequate,Workforce capacity appears adequate. Plan approximately 30 workers.
2024-05-04,WH_1,1461,50,1440.71,46.45,30.0,29.0,1.01,0.03,Adequate,Workforce capacity appears adequate. Plan approximately 30 workers.
2024-05-05,WH_1,1438,50,1434.86,43.3,29.0,29.0,1.0,0.03,Adequate,Workforce capacity appears adequate. Plan approximately 29 workers.
2024-05-06,WH_1,1412,50,1441.57,33.1,29.0,29.0,0.98,0.02,Adequate,Workforce capacity appears adequate. Plan approximately 29 workers.
2024-05-07,WH_1,1380,50,1437.29,39.24,28.0,29.0,0.96,0.03,Adequate,Workforce capacity appears adequate. Plan approximately 28 workers.
2024-05-08,WH_1,1360,50,1430.29,48.42,28.0,29.0,0.95,0.03,Adequate,Workforce capacity appears adequate. Plan approximately 28 workers.
2024-05-09,WH_1,1448,50,1424.14,41.7,29.0,29.0,1.02,0.03,Adequate,Workforce capacity appears adequate. Plan approximately 29 workers.
2024-05-10,WH_1,1413,50,1416.0,36.49,29.0,29.0,1.0,0.03,Adequate,Workforce capacity appears adequate. Plan approximately 29 workers.
2024-05-11,WH_1,1474,50,1417.86,39.38,30.0,29.0,1.04,0.03,Adequate,Workforce capacity appears adequate. Plan approximately 30 workers.
2024-05-12,WH_1,1396,50,1411.86,39.0,28.0,29.0,0.99,0.03,Adequate,Workforce capacity appears adequate. Plan approximately 28 workers.
2024-05-13,WH_1,1355,50,1403.71,44.52,28.0,29.0,0.97,0.03,Adequate,Workforce capacity appears adequate. Plan approximately 28 workers.
2024-05-14,WH_1,1317,50,1394.71,55.2,27.0,28.0,0.94,0.04,Adequate,Workforce capacity appears adequate. Plan approximately 27 workers.
2024-05-15,WH_1,1386,50,1398.43,53.32,28.0,28.0,0.99,0.04,Adequate,Workforce capacity appears adequate. Plan approximately 28 workers.
2024-05-16,WH_1,1316,50,1379.57,56.13,27.0,28.0,0.95,0.04,Adequate,Workforce capacity appears adequate. Plan approximately 27 workers.
2024-05-17,WH_1,1355,50,1371.29,54.64,28.0,28.0,0.99,0.04,Adequate,Workforce capacity appears adequate. Plan approximately 28 workers.
2024-05-18,WH_1,1391,50,1359.43,33.58,28.0,28.0,1.02,0.02,Adequate,Workforce capacity appears adequate. Plan approximately 28 workers.
2024-05-19,WH_1,1296,50,1345.14,36.57,26.0,27.0,0.96,0.03,Adequate,Workforce capacity appears adequate. Plan approximately 26 workers.
2024-05-20,WH_1,1354,50,1345.0,36.52,28.0,27.0,1.01,0.03,Adequate,Workforce capacity appears adequate. Plan approximately 28 workers.
2024-05-21,WH_1,1339,50,1348.14,34.61,27.0,27.0,0.99,0.03,Adequate,Workforce capacity appears adequate. Plan approximately 27 workers.
2024-05-22,WH_1,1312,50,1337.57,32.35,27.0,27.0,0.98,0.02,Adequate,Workforce capacity appears adequate. Plan approximately 27 workers.
2024-05-23,WH_1,1325,50,1338.86,31.51,27.0,27.0,0.99,0.02,Adequate,Workforce capacity appears adequate. Plan approximately 27 workers.
2024-05-24,WH_1,1346,50,1337.57,30.92,27.0,27.0,1.01,0.02,Adequate,Workforce capacity appears adequate. Plan approximately 27 workers.
2024-05-25,WH_1,1226,50,1314.0,43.67,25.0,27.0,0.93,0.03,Adequate,Workforce capacity appears adequate. Plan approximately 25 workers.
2024-05-26,WH_1,1259,50,1308.71,48.21,26.0,27.0,0.96,0.04,Adequate,Workforce capacity appears adequate. Plan approximately 26 workers.
2024-05-27,WH_1,1332,50,1305.57,45.41,27.0,27.0,1.02,0.03,Adequate,Workforce capacity appears adequate. Plan approximately 27 workers.
2024-05-28,WH_1,1342,50,1306.0,45.79,27.0,27.0,1.03,0.04,Adequate,Workforce capacity appears adequate. Plan approximately 27 workers.
2024-05-29,WH_1,1239,50,1295.57,52.07,25.0,26.0,0.96,0.04,Adequate,Workforce capacity appears adequate. Plan approximately 25 workers.
2024-05-30,WH_1,1260,50,1286.29,51.75,26.0,26.0,0.98,0.04,Adequate,Workforce capacity appears adequate. Plan approximately 26 workers.
2024-05-31,WH_1,1256,50,1273.43,45.2,26.0,26.0,0.99,0.04,Adequate,Workforce capacity appears adequate. Plan approximately 26 workers.
2024-06-01,WH_1,1302,50,1284.29,40.83,27.0,26.0,1.01,0.03,Adequate,Workforce capacity appears adequate. Plan approximately 27 workers.
2024-06-02,WH_1,1321,50,1293.14,41.15,27.0,26.0,1.02,0.03,Adequate,Workforce capacity appears adequate. Plan approximately 27 workers.
2024-06-03,WH_1,1222,50,1277.43,44.69,25.0,26.0,0.96,0.03,Adequate,Workforce capacity appears adequate. Plan approximately 25 workers.
2024-06-04,WH_1,1304,50,1272.0,37.22,27.0,26.0,1.03,0.03,Adequate,Workforce capacity appears adequate. Plan approximately 27 workers.
2024-06-05,WH_1,1246,50,1273.0,36.27,25.0,26.0,0.98,0.03,Adequate,Workforce capacity appears adequate. Plan approximately 25 workers.
2024-06-06,WH_1,1201,50,1264.57,45.48,25.0,26.0,0.95,0.04,Adequate,Workforce capacity appears adequate. Plan approximately 25 workers.
2024-06-07,WH_1,1233,50,1261.29,47.01,25.0,26.0,0.98,0.04,Adequate,Workforce capacity appears adequate. Plan approximately 25 workers.
2024-06-08,WH_1,1225,50,1250.29,44.85,25.0,26.0,0.98,0.04,Adequate,Workforce capacity appears adequate. Plan approximately 25 workers.
2024-06-09,WH_1,1168,50,1228.43,41.83,24.0,25.0,0.95,0.03,Adequate,Workforce capacity appears adequate. Plan approximately 24 workers.
2024-06-10,WH_1,1179,50,1222.29,45.89,24.0,25.0,0.96,0.04,Adequate,Workforce capacity appears adequate. Plan approximately 24 workers.
2024-06-11,WH_1,1192,50,1206.29,29.11,24.0,25.0,0.99,0.02,Adequate,Workforce capacity appears adequate. Plan approximately 24 workers.
2024-06-12,WH_1,1158,50,1193.71,28.08,24.0,24.0,0.97,0.02,Adequate,Workforce capacity appears adequate. Plan approximately 24 workers.
2024-06-13,WH_1,1115,50,1181.43,40.45,23.0,24.0,0.94,0.03,Adequate,Workforce capacity appears adequate. Plan approximately 23 workers.
2024-06-14,WH_1,1144,50,1168.71,35.18,23.0,24.0,0.98,0.03,Adequate,Workforce capacity appears adequate. Plan approximately 23 workers.
2024-06-15,WH_1,1151,50,1158.14,25.14,24.0,24.0,0.99,0.02,Adequate,Workforce capacity appears adequate. Plan approximately 24 workers.
2024-06-16,WH_1,1184,50,1160.43,26.85,24.0,24.0,1.02,0.02,Adequate,Workforce capacity appears adequate. Plan approximately 24 workers.
2024-06-17,WH_1,1113,50,1151.0,30.57,23.0,24.0,0.97,0.03,Adequate,Workforce capacity appears adequate. Plan approximately 23 workers.
2024-06-18,WH_1,1122,50,1141.0,26.04,23.0,23.0,0.98,0.02,Adequate,Workforce capacity appears adequate. Plan approximately 23 workers.
2024-06-19,WH_1,1075,50,1129.14,34.52,22.0,23.0,0.95,0.03,Adequate,Workforce capacity appears adequate. Plan approximately 22 workers.
2024-06-20,WH_1,1111,50,1128.57,34.83,23.0,23.0,0.98,0.03,Adequate,Workforce capacity appears adequate. Plan approximately 23 workers.
2024-06-21,WH_1,1069,50,1117.86,40.38,22.0,23.0,0.96,0.04,Adequate,Workforce capacity appears adequate. Plan approximately 22 workers.
2024-06-22,WH_1,1045,50,1102.71,45.44,21.0,23.0,0.95,0.04,Adequate,Workforce capacity appears adequate. Plan approximately 21 workers.
2024-06-23,WH_1,1089,50,1089.14,27.93,22.0,22.0,1.0,0.03,Adequate,Workforce capacity appears adequate. Plan approximately 22 workers.
2024-06-24,WH_1,1036,50,1078.14,31.86,21.0,22.0,0.96,0.03,Adequate,Workforce capacity appears adequate. Plan approximately 21 workers.
2024-06-25,WH_1,1037,50,1066.0,28.36,21.0,22.0,0.97,0.03,Adequate,Workforce capacity appears adequate. Plan approximately 21 workers.
2024-06-26,WH_1,1024,50,1058.71,31.98,21.0,22.0,0.97,0.03,Adequate,Workforce capacity appears adequate. Plan approximately 21 workers.
2024-06-27,WH_1,1041,50,1048.71,22.43,21.0,21.0,0.99,0.02,Adequate,Workforce capacity appears adequate. Plan approximately 21 workers.
2024-06-28,WH_1,978,50,1035.71,32.72,20.0,21.0,0.94,0.03,Adequate,Workforce capacity appears adequate. Plan approximately 20 workers.
2024-06-29,WH_1,1018,50,1031.86,33.03,21.0,21.0,0.99,0.03,Adequate,Workforce capacity appears adequate. Plan approximately 21 workers.
2024-06-30,WH_1,996,50,1018.57,23.56,20.0,21.0,0.98,0.02,Adequate,Workforce capacity appears adequate. Plan approximately 20 workers.
2024-07-01,WH_1,970,50,1009.14,28.18,20.0,21.0,0.96,0.03,Adequate,Workforce capacity appears adequate. Plan approximately 20 workers.
2024-07-02,WH_1,1031,50,1008.29,27.27,21.0,21.0,1.02,0.03,Adequate,Workforce capacity appears adequate. Plan approximately 21 workers.
2024-07-03,WH_1,1025,50,1008.43,27.37,21.0,21.0,1.02,0.03,Adequate,Workforce capacity appears adequate. Plan approximately 21 workers.
2024-07-04,WH_1,1009,50,1003.86,23.41,21.0,21.0,1.01,0.02,Adequate,Workforce capacity appears adequate. Plan approximately 21 workers.
2024-07-05,WH_1,966,50,1002.14,25.92,20.0,21.0,0.96,0.03,Adequate,Workforce capacity appears adequate. Plan approximately 20 workers.
2024-07-06,WH_1,927,50,989.14,37.06,19.0,20.0,0.94,0.04,Adequate,Workforce capacity appears adequate. Plan approximately 19 workers.
2024-07-07,WH_1,936,50,980.57,41.84,19.0,20.0,0.95,0.04,Adequate,Workforce capacity appears adequate. Plan approximately 19 workers.
2024-07-08,WH_1,819,50,959.0,74.43,17.0,20.0,0.85,0.08,Adequate,Workforce capacity appears adequate. Plan approximately 17 workers.
2024-07-09,WH_1,906,50,941.14,69.08,19.0,19.0,0.96,0.07,Adequate,Workforce capacity appears adequate. Plan approximately 19 workers.
2024-07-10,WH_1,944,50,929.57,58.7,19.0,19.0,1.02,0.06,Adequate,Workforce capacity appears adequate. Plan approximately 19 workers.
2024-07-11,WH_1,940,50,919.71,47.95,19.0,19.0,1.02,0.05,Adequate,Workforce capacity appears adequate. Plan approximately 19 workers.
2024-07-12,WH_1,907,50,911.29,43.43,19.0,19.0,1.0,0.05,Adequate,Workforce capacity appears adequate. Plan approximately 19 workers.
2024-07-13,WH_1,933,50,912.14,43.85,19.0,19.0,1.02,0.05,Adequate,Workforce capacity appears adequate. Plan approximately 19 workers.
2024-07-14,WH_1,916,50,909.29,42.67,19.0,19.0,1.01,0.05,Adequate,Workforce capacity appears adequate. Plan approximately 19 workers.
2024-07-15,WH_1,820,50,909.43,42.32,17.0,19.0,0.9,0.05,Adequate,Workforce capacity appears adequate. Plan approximately 17 workers.
2024-07-16,WH_1,888,50,906.86,43.1,18.0,19.0,0.98,0.05,Adequate,Workforce capacity appears adequate. Plan approximately 18 workers.
2024-07-17,WH_1,944,50,906.86,43.1,19.0,19.0,1.04,0.05,Adequate,Workforce capacity appears adequate. Plan approximately 19 workers.
2024-07-18,WH_1,864,50,896.0,42.93,18.0,18.0,0.96,0.05,Adequate,Workforce capacity appears adequate. Plan approximately 18 workers.
2024-07-19,WH_1,961,50,903.71,49.57,20.0,19.0,1.06,0.05,Adequate,Workforce capacity appears adequate. Plan approximately 20 workers.
2024-07-20,WH_1,852,50,892.14,51.03,18.0,18.0,0.96,0.06,Adequate,Workforce capacity appears adequate. Plan approximately 18 workers.
2024-07-21,WH_1,851,50,882.86,51.87,18.0,18.0,0.96,0.06,Adequate,Workforce capacity appears adequate. Plan approximately 18 workers.
2024-07-22,WH_1,771,50,875.86,63.72,16.0,18.0,0.88,0.07,Adequate,Workforce capacity appears adequate. Plan approximately 16 workers.
2024-07-23,WH_1,853,50,870.86,63.98,18.0,18.0,0.98,0.07,Adequate,Workforce capacity appears adequate. Plan approximately 18 workers.
2024-07-24,WH_1,800,50,850.29,59.54,16.0,18.0,0.94,0.07,Adequate,Workforce capacity appears adequate. Plan approximately 16 workers.
2024-07-25,WH_1,838,50,846.57,59.35,17.0,17.0,0.99,0.07,Adequate,Workforce capacity appears adequate. Plan approximately 17 workers.
2024-07-26,WH_1,839,50,829.14,31.56,17.0,17.0,1.01,0.04,Adequate,Workforce capacity appears adequate. Plan approximately 17 workers.
2024-07-27,WH_1,767,50,817.0,37.15,16.0,17.0,0.94,0.05,Adequate,Workforce capacity appears adequate. Plan approximately 16 workers.
2024-07-28,WH_1,821,50,812.71,34.19,17.0,17.0,1.01,0.04,Adequate,Workforce capacity appears adequate. Plan approximately 17 workers.
2024-07-29,WH_1,666,50,797.71,64.84,14.0,16.0,0.83,0.08,Underutilized,Demand is below recent average. Review workforce utilization.
2024-07-30,WH_1,811,50,791.71,60.68,17.0,16.0,1.02,0.08,Adequate,Workforce capacity appears adequate. Plan approximately 17 workers.
2024-07-31,WH_1,697,50,777.0,70.09,14.0,16.0,0.9,0.09,Adequate,Workforce capacity appears adequate. Plan approximately 14 workers.
2024-08-01,WH_1,642,50,749.0,80.1,13.0,15.0,0.86,0.11,Adequate,Workforce capacity appears adequate. Plan approximately 13 workers.
2024-08-02,WH_1,740,50,734.86,69.61,15.0,15.0,1.01,0.09,Adequate,Workforce capacity appears adequate. Plan approximately 15 workers.
2024-08-03,WH_1,764,50,734.43,69.39,16.0,15.0,1.04,0.09,Adequate,Workforce capacity appears adequate. Plan approximately 16 workers.
2024-08-04,WH_1,751,50,724.43,59.12,16.0,15.0,1.04,0.08,Adequate,Workforce capacity appears adequate. Plan approximately 16 workers.
2024-08-05,WH_1,702,50,729.57,54.58,15.0,15.0,0.96,0.07,Adequate,Workforce capacity appears adequate. Plan approximately 15 workers.
2024-08-06,WH_1,744,50,720.0,42.45,15.0,15.0,1.03,0.06,Adequate,Workforce capacity appears adequate. Plan approximately 15 workers.
2024-08-07,WH_1,683,50,718.0,44.01,14.0,15.0,0.95,0.06,Adequate,Workforce capacity appears adequate. Plan approximately 14 workers.
2024-08-08,WH_1,676,50,722.86,35.23,14.0,15.0,0.94,0.05,Adequate,Workforce capacity appears adequate. Plan approximately 14 workers.
2024-08-09,WH_1,660,50,711.43,41.21,14.0,15.0,0.93,0.06,Adequate,Workforce capacity appears adequate. Plan approximately 14 workers.
2024-08-10,WH_1,675,50,698.71,35.64,14.0,14.0,0.97,0.05,Adequate,Workforce capacity appears adequate. Plan approximately 14 workers.
2024-08-11,WH_1,666,50,686.57,28.65,14.0,14.0,0.97,0.04,Adequate,Workforce capacity appears adequate. Plan approximately 14 workers.
2024-08-12,WH_1,664,50,681.14,28.84,14.0,14.0,0.97,0.04,Adequate,Workforce capacity appears adequate. Plan approximately 14 workers.
2024-08-13,WH_1,689,50,673.29,10.55,14.0,14.0,1.02,0.02,Adequate,Workforce capacity appears adequate. Plan approximately 14 workers.
2024-08-14,WH_1,610,50,662.86,25.22,13.0,14.0,0.92,0.04,Adequate,Workforce capacity appears adequate. Plan approximately 13 workers.
2024-08-15,WH_1,632,50,656.57,26.83,13.0,14.0,0.96,0.04,Adequate,Workforce capacity appears adequate. Plan approximately 13 workers.
2024-08-16,WH_1,633,50,652.71,28.16,13.0,14.0,0.97,0.04,Adequate,Workforce capacity appears adequate. Plan approximately 13 workers.
2024-08-17,WH_1,596,50,641.43,33.14,12.0,13.0,0.93,0.05,Adequate,Workforce capacity appears adequate. Plan approximately 12 workers.
2024-08-18,WH_1,599,50,631.86,34.5,12.0,13.0,0.95,0.05,Adequate,Workforce capacity appears adequate. Plan approximately 12 workers.
2024-08-19,WH_1,659,50,631.14,33.77,14.0,13.0,1.04,0.05,Adequate,Workforce capacity appears adequate. Plan approximately 14 workers.
2024-08-20,WH_1,664,50,627.57,27.34,14.0,13.0,1.06,0.04,Adequate,Workforce capacity appears adequate. Plan approximately 14 workers.
2024-08-21,WH_1,629,50,630.29,26.23,13.0,13.0,1.0,0.04,Adequate,Workforce capacity appears adequate. Plan approximately 13 workers.
2024-08-22,WH_1,612,50,627.43,27.09,13.0,13.0,0.98,0.04,Adequate,Workforce capacity appears adequate. Plan approximately 13 workers.
2024-08-23,WH_1,639,50,628.29,27.38,13.0,13.0,1.02,0.04,Adequate,Workforce capacity appears adequate. Plan approximately 13 workers.
2024-08-24,WH_1,612,50,630.57,24.78,13.0,13.0,0.97,0.04,Adequate,Workforce capacity appears adequate. Plan approximately 13 workers.
2024-08-25,WH_1,545,50,622.86,39.99,11.0,13.0,0.88,0.06,Adequate,Workforce capacity appears adequate. Plan approximately 11 workers.
2024-08-26,WH_1,558,50,608.43,42.89,12.0,13.0,0.92,0.07,Adequate,Workforce capacity appears adequate. Plan approximately 12 workers.
2024-08-27,WH_1,586,50,597.29,35.55,12.0,12.0,0.98,0.06,Adequate,Workforce capacity appears adequate. Plan approximately 12 workers.
2024-08-28,WH_1,589,50,591.57,32.71,12.0,12.0,1.0,0.06,Adequate,Workforce capacity appears adequate. Plan approximately 12 workers.
2024-08-29,WH_1,600,50,589.86,31.76,12.0,12.0,1.02,0.05,Adequate,Workforce capacity appears adequate. Plan approximately 12 workers.
2024-08-30,WH_1,558,50,578.29,24.88,12.0,12.0,0.96,0.04,Adequate,Workforce capacity appears adequate. Plan approximately 12 workers.
2024-08-31,WH_1,532,50,566.86,25.18,11.0,12.0,0.94,0.04,Adequate,Workforce capacity appears adequate. Plan approximately 11 workers.
2024-09-01,WH_1,535,50,565.43,26.86,11.0,12.0,0.95,0.05,Adequate,Workforce capacity appears adequate. Plan approximately 11 workers.
2024-09-02,WH_1,592,50,570.29,28.32,12.0,12.0,1.04,0.05,Adequate,Workforce capacity appears adequate. Plan approximately 12 workers.
2024-09-03,WH_1,534,50,562.86,30.27,11.0,12.0,0.95,0.05,Adequate,Workforce capacity appears adequate. Plan approximately 11 workers.
2024-09-04,WH_1,629,50,568.57,38.64,13.0,12.0,1.11,0.07,Monitor,Workload is above recent average. Monitor staffing and consider 13 workers.
2024-09-05,WH_1,528,50,558.29,38.47,11.0,12.0,0.95,0.07,Adequate,Workforce capacity appears adequate. Plan approximately 11 workers.
2024-09-06,WH_1,548,50,556.86,38.66,11.0,12.0,0.98,0.07,Adequate,Workforce capacity appears adequate. Plan approximately 11 workers.
2024-09-07,WH_1,515,50,554.43,40.95,11.0,12.0,0.93,0.07,Adequate,Workforce capacity appears adequate. Plan approximately 11 workers.
2024-09-08,WH_1,571,50,559.57,40.36,12.0,12.0,1.02,0.07,Adequate,Workforce capacity appears adequate. Plan approximately 12 workers.
2024-09-09,WH_1,545,50,552.86,37.9,11.0,12.0,0.99,0.07,Adequate,Workforce capacity appears adequate. Plan approximately 11 workers.
2024-09-10,WH_1,513,50,549.86,40.39,11.0,11.0,0.93,0.07,Adequate,Workforce capacity appears adequate. Plan approximately 11 workers.
2024-09-11,WH_1,508,50,532.57,23.04,11.0,11.0,0.95,0.04,Adequate,Workforce capacity appears adequate. Plan approximately 11 workers.
2024-09-12,WH_1,511,50,530.14,24.46,11.0,11.0,0.96,0.05,Adequate,Workforce capacity appears adequate. Plan approximately 11 workers.
2024-09-13,WH_1,493,50,522.29,26.51,10.0,11.0,0.94,0.05,Adequate,Workforce capacity appears adequate. Plan approximately 10 workers.
2024-09-14,WH_1,565,50,529.43,30.64,12.0,11.0,1.07,0.06,Adequate,Workforce capacity appears adequate. Plan approximately 12 workers.
2024-09-15,WH_1,522,50,522.43,24.55,11.0,11.0,1.0,0.05,Adequate,Workforce capacity appears adequate. Plan approximately 11 workers.
2024-09-16,WH_1,500,50,516.0,23.52,10.0,11.0,0.97,0.05,Adequate,Workforce capacity appears adequate. Plan approximately 10 workers.
2024-09-17,WH_1,499,50,514.0,24.4,10.0,11.0,0.97,0.05,Adequate,Workforce capacity appears adequate. Plan approximately 10 workers.
2024-09-18,WH_1,513,50,514.71,24.27,11.0,11.0,1.0,0.05,Adequate,Workforce capacity appears adequate. Plan approximately 11 workers.
2024-09-19,WH_1,510,50,514.57,24.3,11.0,11.0,0.99,0.05,Adequate,Workforce capacity appears adequate. Plan approximately 11 workers.
2024-09-20,WH_1,477,50,512.29,27.24,10.0,11.0,0.93,0.05,Adequate,Workforce capacity appears adequate. Plan approximately 10 workers.
2024-09-21,WH_1,514,50,505.0,14.74,11.0,11.0,1.02,0.03,Adequate,Workforce capacity appears adequate. Plan approximately 11 workers.
2024-09-22,WH_1,482,50,499.29,14.81,10.0,10.0,0.97,0.03,Adequate,Workforce capacity appears adequate. Plan approximately 10 workers.
2024-09-23,WH_1,505,50,500.0,14.97,11.0,10.0,1.01,0.03,Adequate,Workforce capacity appears adequate. Plan approximately 11 workers.
2024-09-24,WH_1,554,50,507.86,25.25,12.0,11.0,1.09,0.05,Adequate,Workforce capacity appears adequate. Plan approximately 12 workers.
2024-09-25,WH_1,464,50,500.86,29.95,10.0,11.0,0.93,0.06,Adequate,Workforce capacity appears adequate. Plan approximately 10 workers.
2024-09-26,WH_1,459,50,493.57,33.36,10.0,10.0,0.93,0.07,Adequate,Workforce capacity appears adequate. Plan approximately 10 workers.
2024-09-27,WH_1,547,50,503.57,37.77,11.0,11.0,1.09,0.07,Adequate,Workforce capacity appears adequate. Plan approximately 11 workers.
2024-09-28,WH_1,502,50,501.86,37.49,11.0,11.0,1.0,0.07,Adequate,Workforce capacity appears adequate. Plan approximately 11 workers.
2024-09-29,WH_1,485,50,502.29,37.24,10.0,11.0,0.97,0.07,Adequate,Workforce capacity appears adequate. Plan approximately 10 workers.
2024-09-30,WH_1,462,50,496.14,40.15,10.0,10.0,0.93,0.08,Adequate,Workforce capacity appears adequate. Plan approximately 10 workers.
2024-10-01,WH_1,489,50,486.86,31.01,10.0,10.0,1.0,0.06,Adequate,Workforce capacity appears adequate. Plan approximately 10 workers.
2024-10-02,WH_1,474,50,488.29,30.0,10.0,10.0,0.97,0.06,Adequate,Workforce capacity appears adequate. Plan approximately 10 workers.
2024-10-03,WH_1,388,50,478.14,48.1,8.0,10.0,0.81,0.1,Underutilized,Demand is below recent average. Review workforce utilization.
2024-10-04,WH_1,504,50,472.0,39.88,11.0,10.0,1.07,0.08,Adequate,Workforce capacity appears adequate. Plan approximately 11 workers.
2024-10-05,WH_1,459,50,465.86,37.74,10.0,10.0,0.99,0.08,Adequate,Workforce capacity appears adequate. Plan approximately 10 workers.
2024-10-06,WH_1,482,50,465.43,37.5,10.0,10.0,1.04,0.08,Adequate,Workforce capacity appears adequate. Plan approximately 10 workers.
2024-10-07,WH_1,443,50,462.71,38.47,9.0,10.0,0.96,0.08,Adequate,Workforce capacity appears adequate. Plan approximately 9 workers.
2024-10-08,WH_1,452,50,457.43,36.76,10.0,10.0,0.99,0.08,Adequate,Workforce capacity appears adequate. Plan approximately 10 workers.
2024-10-09,WH_1,484,50,458.86,37.69,10.0,10.0,1.05,0.08,Adequate,Workforce capacity appears adequate. Plan approximately 10 workers.
2024-10-10,WH_1,550,50,482.0,36.66,11.0,10.0,1.14,0.08,Monitor,Workload is above recent average. Monitor staffing and consider 11 workers.
2024-10-11,WH_1,502,50,481.71,36.46,11.0,10.0,1.04,0.08,Adequate,Workforce capacity appears adequate. Plan approximately 11 workers.
2024-10-12,WH_1,486,50,485.57,35.06,10.0,10.0,1.0,0.07,Adequate,Workforce capacity appears adequate. Plan approximately 10 workers.
2024-10-13,WH_1,464,50,483.0,36.01,10.0,10.0,0.96,0.07,Adequate,Workforce capacity appears adequate. Plan approximately 10 workers.
2024-10-14,WH_1,519,50,493.86,33.3,11.0,10.0,1.05,0.07,Adequate,Workforce capacity appears adequate. Plan approximately 11 workers.
2024-10-15,WH_1,499,50,500.57,27.72,10.0,11.0,1.0,0.06,Adequate,Workforce capacity appears adequate. Plan approximately 10 workers.
2024-10-16,WH_1,503,50,503.29,26.74,11.0,11.0,1.0,0.05,Adequate,Workforce capacity appears adequate. Plan approximately 11 workers.
2024-10-17,WH_1,533,50,500.86,22.18,11.0,11.0,1.06,0.04,Adequate,Workforce capacity appears adequate. Plan approximately 11 workers.
2024-10-18,WH_1,593,50,513.86,41.35,12.0,11.0,1.15,0.08,Monitor,Workload is above recent average. Monitor staffing and consider 12 workers.
2024-10-19,WH_1,519,50,518.57,39.48,11.0,11.0,1.0,0.08,Adequate,Workforce capacity appears adequate. Plan approximately 11 workers.
2024-10-20,WH_1,487,50,521.86,34.87,10.0,11.0,0.93,0.07,Adequate,Workforce capacity appears adequate. Plan approximately 10 workers.
2024-10-21,WH_1,424,50,508.29,50.95,9.0,11.0,0.83,0.1,Underutilized,Demand is below recent average. Review workforce utilization.
2024-10-22,WH_1,498,50,508.14,50.98,10.0,11.0,0.98,0.1,Adequate,Workforce capacity appears adequate. Plan approximately 10 workers.
2024-10-23,WH_1,569,50,517.57,55.75,12.0,11.0,1.1,0.11,Adequate,Workforce capacity appears adequate. Plan approximately 12 workers.
2024-10-24,WH_1,590,50,525.71,62.17,12.0,11.0,1.12,0.12,Monitor,Workload is above recent average. Monitor staffing and consider 12 workers.
2024-10-25,WH_1,479,50,509.43,56.26,10.0,11.0,0.94,0.11,Adequate,Workforce capacity appears adequate. Plan approximately 10 workers.
2024-10-26,WH_1,462,50,501.29,58.71,10.0,11.0,0.92,0.12,Adequate,Workforce capacity appears adequate. Plan approximately 10 workers.
2024-10-27,WH_1,577,50,514.14,64.62,12.0,11.0,1.12,0.13,Monitor,Workload is above recent average. Monitor staffing and consider 12 workers.
2024-10-28,WH_1,545,50,531.43,51.3,11.0,11.0,1.03,0.1,Adequate,Workforce capacity appears adequate. Plan approximately 11 workers.
2024-10-29,WH_1,544,50,538.0,49.21,11.0,11.0,1.01,0.09,Adequate,Workforce capacity appears adequate. Plan approximately 11 workers.
2024-10-30,WH_1,590,50,541.0,51.97,12.0,11.0,1.09,0.1,Adequate,Workforce capacity appears adequate. Plan approximately 12 workers.
2024-10-31,WH_1,607,50,543.43,54.96,13.0,11.0,1.12,0.1,Monitor,Workload is above recent average. Monitor staffing and consider 13 workers.
2024-11-01,WH_1,630,50,565.0,55.09,13.0,12.0,1.12,0.1,Monitor,Workload is above recent average. Monitor staffing and consider 13 workers.
2024-11-02,WH_1,531,50,574.86,36.69,11.0,12.0,0.92,0.06,Adequate,Workforce capacity appears adequate. Plan approximately 11 workers.
2024-11-03,WH_1,589,50,576.57,37.08,12.0,12.0,1.02,0.06,Adequate,Workforce capacity appears adequate. Plan approximately 12 workers.
2024-11-04,WH_1,587,50,582.57,34.42,12.0,12.0,1.01,0.06,Adequate,Workforce capacity appears adequate. Plan approximately 12 workers.
2024-11-05,WH_1,611,50,592.14,31.06,13.0,12.0,1.03,0.05,Adequate,Workforce capacity appears adequate. Plan approximately 13 workers.
2024-11-06,WH_1,568,50,589.0,32.4,12.0,12.0,0.96,0.06,Adequate,Workforce capacity appears adequate. Plan approximately 12 workers.
2024-11-07,WH_1,596,50,587.43,31.64,12.0,12.0,1.01,0.05,Adequate,Workforce capacity appears adequate. Plan approximately 12 workers.
2024-11-08,WH_1,604,50,583.71,26.99,13.0,12.0,1.03,0.05,Adequate,Workforce capacity appears adequate. Plan approximately 13 workers.
2024-11-09,WH_1,626,50,597.29,18.67,13.0,12.0,1.05,0.03,Adequate,Workforce capacity appears adequate. Plan approximately 13 workers.
2024-11-10,WH_1,638,50,604.29,23.58,13.0,13.0,1.06,0.04,Adequate,Workforce capacity appears adequate. Plan approximately 13 workers.
2024-11-11,WH_1,661,50,614.86,30.2,14.0,13.0,1.08,0.05,Adequate,Workforce capacity appears adequate. Plan approximately 14 workers.
2024-11-12,WH_1,621,50,616.29,30.23,13.0,13.0,1.01,0.05,Adequate,Workforce capacity appears adequate. Plan approximately 13 workers.
2024-11-13,WH_1,654,50,628.57,24.21,14.0,13.0,1.04,0.04,Adequate,Workforce capacity appears adequate. Plan approximately 14 workers.
2024-11-14,WH_1,633,50,633.86,19.49,13.0,13.0,1.0,0.03,Adequate,Workforce capacity appears adequate. Plan approximately 13 workers.
2024-11-15,WH_1,594,50,632.43,22.22,12.0,13.0,0.94,0.04,Adequate,Workforce capacity appears adequate. Plan approximately 12 workers.
2024-11-16,WH_1,628,50,632.71,22.13,13.0,13.0,0.99,0.03,Adequate,Workforce capacity appears adequate. Plan approximately 13 workers.
2024-11-17,WH_1,673,50,637.71,26.95,14.0,13.0,1.06,0.04,Adequate,Workforce capacity appears adequate. Plan approximately 14 workers.
2024-11-18,WH_1,679,50,640.29,30.21,14.0,13.0,1.06,0.05,Adequate,Workforce capacity appears adequate. Plan approximately 14 workers.
2024-11-19,WH_1,649,50,644.29,29.06,13.0,13.0,1.01,0.05,Adequate,Workforce capacity appears adequate. Plan approximately 13 workers.
2024-11-20,WH_1,676,50,647.43,31.38,14.0,13.0,1.04,0.05,Adequate,Workforce capacity appears adequate. Plan approximately 14 workers.
2024-11-21,WH_1,714,50,659.0,39.15,15.0,14.0,1.08,0.06,Adequate,Workforce capacity appears adequate. Plan approximately 15 workers.
2024-11-22,WH_1,663,50,668.86,26.79,14.0,14.0,0.99,0.04,Adequate,Workforce capacity appears adequate. Plan approximately 14 workers.
2024-11-23,WH_1,738,50,684.57,30.79,15.0,14.0,1.08,0.04,Adequate,Workforce capacity appears adequate. Plan approximately 15 workers.
2024-11-24,WH_1,744,50,694.71,37.34,15.0,14.0,1.07,0.05,Adequate,Workforce capacity appears adequate. Plan approximately 15 workers.
2024-11-25,WH_1,689,50,696.14,36.83,14.0,14.0,0.99,0.05,Adequate,Workforce capacity appears adequate. Plan approximately 14 workers.
2024-11-26,WH_1,687,50,701.57,31.07,14.0,15.0,0.98,0.04,Adequate,Workforce capacity appears adequate. Plan approximately 14 workers.
2024-11-27,WH_1,724,50,708.43,29.76,15.0,15.0,1.02,0.04,Adequate,Workforce capacity appears adequate. Plan approximately 15 workers.
2024-11-28,WH_1,711,50,708.0,29.69,15.0,15.0,1.0,0.04,Adequate,Workforce capacity appears adequate. Plan approximately 15 workers.
2024-11-29,WH_1,771,50,723.43,30.46,16.0,15.0,1.07,0.04,Adequate,Workforce capacity appears adequate. Plan approximately 16 workers.
2024-11-30,WH_1,789,50,730.71,39.33,16.0,15.0,1.08,0.05,Adequate,Workforce capacity appears adequate. Plan approximately 16 workers.
2024-12-01,WH_1,791,50,737.43,45.5,16.0,15.0,1.07,0.06,Adequate,Workforce capacity appears adequate. Plan approximately 16 workers.
2024-12-02,WH_1,778,50,750.14,42.02,16.0,16.0,1.04,0.06,Adequate,Workforce capacity appears adequate. Plan approximately 16 workers.
2024-12-03,WH_1,761,50,760.71,31.47,16.0,16.0,1.0,0.04,Adequate,Workforce capacity appears adequate. Plan approximately 16 workers.
2024-12-04,WH_1,779,50,768.57,27.37,16.0,16.0,1.01,0.04,Adequate,Workforce capacity appears adequate. Plan approximately 16 workers.
2024-12-05,WH_1,809,50,782.57,15.51,17.0,16.0,1.03,0.02,Adequate,Workforce capacity appears adequate. Plan approximately 17 workers.
2024-12-06,WH_1,840,50,792.43,25.59,17.0,16.0,1.06,0.03,Adequate,Workforce capacity appears adequate. Plan approximately 17 workers.
2024-12-07,WH_1,808,50,795.14,26.16,17.0,16.0,1.02,0.03,Adequate,Workforce capacity appears adequate. Plan approximately 17 workers.
2024-12-08,WH_1,835,50,801.43,30.0,17.0,17.0,1.04,0.04,Adequate,Workforce capacity appears adequate. Plan approximately 17 workers.
2024-12-09,WH_1,833,50,809.29,30.05,17.0,17.0,1.03,0.04,Adequate,Workforce capacity appears adequate. Plan approximately 17 workers.
2024-12-10,WH_1,846,50,821.43,23.81,17.0,17.0,1.03,0.03,Adequate,Workforce capacity appears adequate. Plan approximately 17 workers.
2024-12-11,WH_1,795,50,823.71,19.42,16.0,17.0,0.97,0.02,Adequate,Workforce capacity appears adequate. Plan approximately 16 workers.
2024-12-12,WH_1,881,50,834.0,27.65,18.0,17.0,1.06,0.03,Adequate,Workforce capacity appears adequate. Plan approximately 18 workers.
2024-12-13,WH_1,873,50,838.71,31.4,18.0,17.0,1.04,0.04,Adequate,Workforce capacity appears adequate. Plan approximately 18 workers.
2024-12-14,WH_1,856,50,845.57,28.7,18.0,17.0,1.01,0.03,Adequate,Workforce capacity appears adequate. Plan approximately 18 workers.
2024-12-15,WH_1,916,50,857.14,38.42,19.0,18.0,1.07,0.04,Adequate,Workforce capacity appears adequate. Plan approximately 19 workers.
2024-12-16,WH_1,878,50,863.57,37.46,18.0,18.0,1.02,0.04,Adequate,Workforce capacity appears adequate. Plan approximately 18 workers.
2024-12-17,WH_1,887,50,869.43,37.46,18.0,18.0,1.02,0.04,Adequate,Workforce capacity appears adequate. Plan approximately 18 workers.
2024-12-18,WH_1,873,50,880.57,18.36,18.0,18.0,0.99,0.02,Adequate,Workforce capacity appears adequate. Plan approximately 18 workers.
2024-12-19,WH_1,909,50,884.57,21.28,19.0,18.0,1.03,0.02,Adequate,Workforce capacity appears adequate. Plan approximately 19 workers.
2024-12-20,WH_1,867,50,883.71,21.94,18.0,18.0,0.98,0.02,Adequate,Workforce capacity appears adequate. Plan approximately 18 workers.
2024-12-21,WH_1,950,50,897.14,29.58,19.0,18.0,1.06,0.03,Adequate,Workforce capacity appears adequate. Plan approximately 19 workers.
2024-12-22,WH_1,910,50,896.29,29.03,19.0,18.0,1.02,0.03,Adequate,Workforce capacity appears adequate. Plan approximately 19 workers.
2024-12-23,WH_1,971,50,909.57,38.88,20.0,19.0,1.07,0.04,Adequate,Workforce capacity appears adequate. Plan approximately 20 workers.
2024-12-24,WH_1,993,50,924.71,48.16,20.0,19.0,1.07,0.05,Adequate,Workforce capacity appears adequate. Plan approximately 20 workers.
2024-12-25,WH_1,945,50,935.0,42.64,19.0,19.0,1.01,0.05,Adequate,Workforce capacity appears adequate. Plan approximately 19 workers.
2024-12-26,WH_1,987,50,946.14,44.85,20.0,19.0,1.04,0.05,Adequate,Workforce capacity appears adequate. Plan approximately 20 workers.
2024-12-27,WH_1,974,50,961.43,28.71,20.0,20.0,1.01,0.03,Adequate,Workforce capacity appears adequate. Plan approximately 20 workers.
2024-12-28,WH_1,1085,50,980.71,53.98,22.0,20.0,1.11,0.06,Monitor,Workload is above recent average. Monitor staffing and consider 22 workers.
2024-12-29,WH_1,1012,50,995.29,44.67,21.0,20.0,1.02,0.04,Adequate,Workforce capacity appears adequate. Plan approximately 21 workers.
2024-12-30,WH_1,1041,50,1005.29,46.14,21.0,21.0,1.04,0.05,Adequate,Workforce capacity appears adequate. Plan approximately 21 workers.
2024-01-01,WH_2,1049,50,1049.0,0.0,21.0,21.0,1.0,0.0,Adequate,Workforce capacity appears adequate. Plan approximately 21 workers.
2024-01-02,WH_2,1032,50,1040.5,12.02,21.0,21.0,0.99,0.01,Adequate,Workforce capacity appears adequate. Plan approximately 21 workers.
2024-01-03,WH_2,1017,50,1032.67,16.01,21.0,21.0,0.98,0.02,Adequate,Workforce capacity appears adequate. Plan approximately 21 workers.
2024-01-04,WH_2,1025,50,1030.75,13.62,21.0,21.0,0.99,0.01,Adequate,Workforce capacity appears adequate. Plan approximately 21 workers.
2024-01-05,WH_2,1007,50,1026.0,15.87,21.0,21.0,0.98,0.02,Adequate,Workforce capacity appears adequate. Plan approximately 21 workers.
2024-01-06,WH_2,990,50,1020.0,20.44,20.0,21.0,0.97,0.02,Adequate,Workforce capacity appears adequate. Plan approximately 20 workers.
2024-01-07,WH_2,1092,50,1030.29,32.99,22.0,21.0,1.06,0.03,Adequate,Workforce capacity appears adequate. Plan approximately 22 workers.
2024-01-08,WH_2,1057,50,1031.43,33.88,22.0,21.0,1.02,0.03,Adequate,Workforce capacity appears adequate. Plan approximately 22 workers.
2024-01-09,WH_2,1102,50,1041.43,43.14,23.0,21.0,1.06,0.04,Adequate,Workforce capacity appears adequate. Plan approximately 23 workers.
2024-01-10,WH_2,1114,50,1055.29,49.15,23.0,22.0,1.06,0.05,Adequate,Workforce capacity appears adequate. Plan approximately 23 workers.
2024-01-11,WH_2,1085,50,1063.86,48.21,22.0,22.0,1.02,0.05,Adequate,Workforce capacity appears adequate. Plan approximately 22 workers.
2024-01-12,WH_2,1104,50,1077.71,42.77,23.0,22.0,1.02,0.04,Adequate,Workforce capacity appears adequate. Plan approximately 23 workers.
2024-01-13,WH_2,1048,50,1086.0,24.79,21.0,22.0,0.97,0.02,Adequate,Workforce capacity appears adequate. Plan approximately 21 workers.
2024-01-14,WH_2,1180,50,1098.57,43.55,24.0,22.0,1.07,0.04,Adequate,Workforce capacity appears adequate. Plan approximately 24 workers.
2024-01-15,WH_2,1142,50,1110.71,41.84,23.0,23.0,1.03,0.04,Adequate,Workforce capacity appears adequate. Plan approximately 23 workers.
2024-01-16,WH_2,1139,50,1116.0,42.88,23.0,23.0,1.02,0.04,Adequate,Workforce capacity appears adequate. Plan approximately 23 workers.
2024-01-17,WH_2,1237,50,1133.57,62.6,25.0,23.0,1.09,0.06,Adequate,Workforce capacity appears adequate. Plan approximately 25 workers.
2024-01-18,WH_2,1122,50,1138.86,59.29,23.0,23.0,0.99,0.05,Adequate,Workforce capacity appears adequate. Plan approximately 23 workers.
2024-01-19,WH_2,1124,50,1141.71,57.79,23.0,23.0,0.98,0.05,Adequate,Workforce capacity appears adequate. Plan approximately 23 workers.
2024-01-20,WH_2,1136,50,1154.29,41.19,23.0,24.0,0.98,0.04,Adequate,Workforce capacity appears adequate. Plan approximately 23 workers.
2024-01-21,WH_2,1215,50,1159.29,46.6,25.0,24.0,1.05,0.04,Adequate,Workforce capacity appears adequate. Plan approximately 25 workers.
2024-01-22,WH_2,1210,50,1169.0,49.4,25.0,24.0,1.04,0.04,Adequate,Workforce capacity appears adequate. Plan approximately 25 workers.
2024-01-23,WH_2,1159,50,1171.86,47.94,24.0,24.0,0.99,0.04,Adequate,Workforce capacity appears adequate. Plan approximately 24 workers.
2024-01-24,WH_2,1234,50,1171.43,47.26,25.0,24.0,1.05,0.04,Adequate,Workforce capacity appears adequate. Plan approximately 25 workers.
2024-01-25,WH_2,1228,50,1186.57,45.75,25.0,24.0,1.03,0.04,Adequate,Workforce capacity appears adequate. Plan approximately 25 workers.
2024-01-26,WH_2,1210,50,1198.86,36.82,25.0,24.0,1.01,0.03,Adequate,Workforce capacity appears adequate. Plan approximately 25 workers.
2024-01-27,WH_2,1272,50,1218.29,33.89,26.0,25.0,1.04,0.03,Adequate,Workforce capacity appears adequate. Plan approximately 26 workers.
2024-01-28,WH_2,1273,50,1226.57,39.56,26.0,25.0,1.04,0.03,Adequate,Workforce capacity appears adequate. Plan approximately 26 workers.
2024-01-29,WH_2,1234,50,1230.0,38.92,25.0,25.0,1.0,0.03,Adequate,Workforce capacity appears adequate. Plan approximately 25 workers.
2024-01-30,WH_2,1262,50,1244.71,24.35,26.0,25.0,1.01,0.02,Adequate,Workforce capacity appears adequate. Plan approximately 26 workers.
2024-01-31,WH_2,1244,50,1246.14,23.91,25.0,25.0,1.0,0.02,Adequate,Workforce capacity appears adequate. Plan approximately 25 workers.
2024-02-01,WH_2,1259,50,1250.57,22.83,26.0,26.0,1.01,0.02,Adequate,Workforce capacity appears adequate. Plan approximately 26 workers.
2024-02-02,WH_2,1228,50,1253.14,18.0,25.0,26.0,0.98,0.01,Adequate,Workforce capacity appears adequate. Plan approximately 25 workers.
2024-02-03,WH_2,1229,50,1247.0,17.83,25.0,25.0,0.99,0.01,Adequate,Workforce capacity appears adequate. Plan approximately 25 workers.
2024-02-04,WH_2,1270,50,1246.57,17.13,26.0,25.0,1.02,0.01,Adequate,Workforce capacity appears adequate. Plan approximately 26 workers.
2024-02-05,WH_2,1253,50,1249.29,16.29,26.0,25.0,1.0,0.01,Adequate,Workforce capacity appears adequate. Plan approximately 26 workers.
2024-02-06,WH_2,1248,50,1247.29,15.29,25.0,25.0,1.0,0.01,Adequate,Workforce capacity appears adequate. Plan approximately 25 workers.
2024-02-07,WH_2,1373,50,1265.71,49.7,28.0,26.0,1.08,0.04,Adequate,Workforce capacity appears adequate. Plan approximately 28 workers.
2024-02-08,WH_2,1354,50,1279.29,59.55,28.0,26.0,1.06,0.05,Adequate,Workforce capacity appears adequate. Plan approximately 28 workers.
2024-02-09,WH_2,1414,50,1305.86,72.86,29.0,27.0,1.08,0.06,Adequate,Workforce capacity appears adequate. Plan approximately 29 workers.
2024-02-10,WH_2,1331,50,1320.43,64.67,27.0,27.0,1.01,0.05,Adequate,Workforce capacity appears adequate. Plan approximately 27 workers.
2024-02-11,WH_2,1389,50,1337.43,64.85,28.0,27.0,1.04,0.05,Adequate,Workforce capacity appears adequate. Plan approximately 28 workers.
2024-02-12,WH_2,1360,50,1352.71,53.19,28.0,28.0,1.01,0.04,Adequate,Workforce capacity appears adequate. Plan approximately 28 workers.
2024-02-13,WH_2,1298,50,1359.86,37.96,26.0,28.0,0.95,0.03,Adequate,Workforce capacity appears adequate. Plan approximately 26 workers.
2024-02-14,WH_2,1381,50,1361.0,38.54,28.0,28.0,1.01,0.03,Adequate,Workforce capacity appears adequate. Plan approximately 28 workers.
2024-02-15,WH_2,1314,50,1355.29,42.51,27.0,28.0,0.97,0.03,Adequate,Workforce capacity appears adequate. Plan approximately 27 workers.
2024-02-16,WH_2,1358,50,1347.29,34.05,28.0,27.0,1.01,0.03,Adequate,Workforce capacity appears adequate. Plan approximately 28 workers.
2024-02-17,WH_2,1356,50,1350.86,33.36,28.0,28.0,1.0,0.02,Adequate,Workforce capacity appears adequate. Plan approximately 28 workers.
2024-02-18,WH_2,1338,50,1343.57,28.91,27.0,27.0,1.0,0.02,Adequate,Workforce capacity appears adequate. Plan approximately 27 workers.
2024-02-19,WH_2,1471,50,1359.43,56.6,30.0,28.0,1.08,0.04,Adequate,Workforce capacity appears adequate. Plan approximately 30 workers.
2024-02-20,WH_2,1442,50,1380.0,56.72,29.0,28.0,1.04,0.04,Adequate,Workforce capacity appears adequate. Plan approximately 29 workers.
2024-02-21,WH_2,1390,50,1381.29,56.85,28.0,28.0,1.01,0.04,Adequate,Workforce capacity appears adequate. Plan approximately 28 workers.
2024-02-22,WH_2,1425,50,1397.14,50.03,29.0,28.0,1.02,0.04,Adequate,Workforce capacity appears adequate. Plan approximately 29 workers.
2024-02-23,WH_2,1396,50,1402.57,47.05,28.0,29.0,1.0,0.03,Adequate,Workforce capacity appears adequate. Plan approximately 28 workers.
2024-02-24,WH_2,1393,50,1407.86,42.83,28.0,29.0,0.99,0.03,Adequate,Workforce capacity appears adequate. Plan approximately 28 workers.
2024-02-25,WH_2,1469,50,1426.57,35.15,30.0,29.0,1.03,0.02,Adequate,Workforce capacity appears adequate. Plan approximately 30 workers.
2024-02-26,WH_2,1388,50,1414.71,31.47,28.0,29.0,0.98,0.02,Adequate,Workforce capacity appears adequate. Plan approximately 28 workers.
2024-02-27,WH_2,1480,50,1420.14,39.27,30.0,29.0,1.04,0.03,Adequate,Workforce capacity appears adequate. Plan approximately 30 workers.
2024-02-28,WH_2,1451,50,1428.86,38.22,30.0,29.0,1.02,0.03,Adequate,Workforce capacity appears adequate. Plan approximately 30 workers.
2024-02-29,WH_2,1393,50,1424.29,40.6,28.0,29.0,0.98,0.03,Adequate,Workforce capacity appears adequate. Plan approximately 28 workers.
2024-03-01,WH_2,1411,50,1426.43,39.23,29.0,29.0,0.99,0.03,Adequate,Workforce capacity appears adequate. Plan approximately 29 workers.
2024-03-02,WH_2,1435,50,1432.43,36.38,29.0,29.0,1.0,0.03,Adequate,Workforce capacity appears adequate. Plan approximately 29 workers.
2024-03-03,WH_2,1396,50,1422.0,34.56,28.0,29.0,0.98,0.02,Adequate,Workforce capacity appears adequate. Plan approximately 28 workers.
2024-03-04,WH_2,1403,50,1424.14,32.51,29.0,29.0,0.99,0.02,Adequate,Workforce capacity appears adequate. Plan approximately 29 workers.
2024-03-05,WH_2,1428,50,1416.71,21.79,29.0,29.0,1.01,0.02,Adequate,Workforce capacity appears adequate. Plan approximately 29 workers.
2024-03-06,WH_2,1492,50,1422.57,34.4,30.0,29.0,1.05,0.02,Adequate,Workforce capacity appears adequate. Plan approximately 30 workers.
2024-03-07,WH_2,1483,50,1435.43,38.13,30.0,29.0,1.03,0.03,Adequate,Workforce capacity appears adequate. Plan approximately 30 workers.
2024-03-08,WH_2,1457,50,1442.0,37.17,30.0,29.0,1.01,0.03,Adequate,Workforce capacity appears adequate. Plan approximately 30 workers.
2024-03-09,WH_2,1509,50,1452.57,44.62,31.0,30.0,1.04,0.03,Adequate,Workforce capacity appears adequate. Plan approximately 31 workers.
2024-03-10,WH_2,1534,50,1472.29,45.93,31.0,30.0,1.04,0.03,Adequate,Workforce capacity appears adequate. Plan approximately 31 workers.
2024-03-11,WH_2,1456,50,1479.86,35.87,30.0,30.0,0.98,0.02,Adequate,Workforce capacity appears adequate. Plan approximately 30 workers.
2024-03-12,WH_2,1463,50,1484.86,29.27,30.0,30.0,0.99,0.02,Adequate,Workforce capacity appears adequate. Plan approximately 30 workers.
2024-03-13,WH_2,1491,50,1484.71,29.23,30.0,30.0,1.0,0.02,Adequate,Workforce capacity appears adequate. Plan approximately 30 workers.
2024-03-14,WH_2,1490,50,1485.71,29.28,30.0,30.0,1.0,0.02,Adequate,Workforce capacity appears adequate. Plan approximately 30 workers.
2024-03-15,WH_2,1497,50,1491.43,26.51,30.0,30.0,1.0,0.02,Adequate,Workforce capacity appears adequate. Plan approximately 30 workers.
2024-03-16,WH_2,1534,50,1495.0,30.64,31.0,30.0,1.03,0.02,Adequate,Workforce capacity appears adequate. Plan approximately 31 workers.
2024-03-17,WH_2,1455,50,1483.71,28.34,30.0,30.0,0.98,0.02,Adequate,Workforce capacity appears adequate. Plan approximately 30 workers.
2024-03-18,WH_2,1523,50,1493.29,28.73,31.0,30.0,1.02,0.02,Adequate,Workforce capacity appears adequate. Plan approximately 31 workers.
2024-03-19,WH_2,1469,50,1494.14,27.75,30.0,30.0,0.98,0.02,Adequate,Workforce capacity appears adequate. Plan approximately 30 workers.
2024-03-20,WH_2,1458,50,1489.43,30.99,30.0,30.0,0.98,0.02,Adequate,Workforce capacity appears adequate. Plan approximately 30 workers.
2024-03-21,WH_2,1512,50,1492.57,32.15,31.0,30.0,1.01,0.02,Adequate,Workforce capacity appears adequate. Plan approximately 31 workers.
2024-03-22,WH_2,1461,50,1487.43,34.14,30.0,30.0,0.98,0.02,Adequate,Workforce capacity appears adequate. Plan approximately 30 workers.
2024-03-23,WH_2,1511,50,1484.14,29.73,31.0,30.0,1.02,0.02,Adequate,Workforce capacity appears adequate. Plan approximately 31 workers.
2024-03-24,WH_2,1486,50,1488.57,26.84,30.0,30.0,1.0,0.02,Adequate,Workforce capacity appears adequate. Plan approximately 30 workers.
2024-03-25,WH_2,1529,50,1489.43,28.18,31.0,30.0,1.03,0.02,Adequate,Workforce capacity appears adequate. Plan approximately 31 workers.
2024-03-26,WH_2,1515,50,1496.0,27.99,31.0,30.0,1.01,0.02,Adequate,Workforce capacity appears adequate. Plan approximately 31 workers.
2024-03-27,WH_2,1532,50,1506.57,25.07,31.0,31.0,1.02,0.02,Adequate,Workforce capacity appears adequate. Plan approximately 31 workers.
2024-03-28,WH_2,1490,50,1503.43,25.64,30.0,31.0,0.99,0.02,Adequate,Workforce capacity appears adequate. Plan approximately 30 workers.
2024-03-29,WH_2,1531,50,1513.43,19.17,31.0,31.0,1.01,0.01,Adequate,Workforce capacity appears adequate. Plan approximately 31 workers.
2024-03-30,WH_2,1490,50,1510.43,21.16,30.0,31.0,0.99,0.01,Adequate,Workforce capacity appears adequate. Plan approximately 30 workers.
2024-03-31,WH_2,1526,50,1516.14,18.72,31.0,31.0,1.01,0.01,Adequate,Workforce capacity appears adequate. Plan approximately 31 workers.
2024-04-01,WH_2,1561,50,1520.71,25.18,32.0,31.0,1.03,0.02,Adequate,Workforce capacity appears adequate. Plan approximately 32 workers.
2024-04-02,WH_2,1541,50,1524.43,26.1,31.0,31.0,1.01,0.02,Adequate,Workforce capacity appears adequate. Plan approximately 31 workers.
2024-04-03,WH_2,1472,50,1515.86,32.31,30.0,31.0,0.97,0.02,Adequate,Workforce capacity appears adequate. Plan approximately 30 workers.
2024-04-04,WH_2,1460,50,1511.57,37.83,30.0,31.0,0.97,0.03,Adequate,Workforce capacity appears adequate. Plan approximately 30 workers.
2024-04-05,WH_2,1476,50,1503.71,38.82,30.0,31.0,0.98,0.03,Adequate,Workforce capacity appears adequate. Plan approximately 30 workers.
2024-04-06,WH_2,1541,50,1511.0,40.56,31.0,31.0,1.02,0.03,Adequate,Workforce capacity appears adequate. Plan approximately 31 workers.
2024-04-07,WH_2,1515,50,1509.43,40.1,31.0,31.0,1.0,0.03,Adequate,Workforce capacity appears adequate. Plan approximately 31 workers.
2024-04-08,WH_2,1557,50,1508.86,39.26,32.0,31.0,1.03,0.03,Adequate,Workforce capacity appears adequate. Plan approximately 32 workers.
2024-04-09,WH_2,1476,50,1499.57,38.06,30.0,30.0,0.98,0.03,Adequate,Workforce capacity appears adequate. Plan approximately 30 workers.
2024-04-10,WH_2,1506,50,1504.43,36.07,31.0,31.0,1.0,0.02,Adequate,Workforce capacity appears adequate. Plan approximately 31 workers.
2024-04-11,WH_2,1567,50,1519.71,36.77,32.0,31.0,1.03,0.02,Adequate,Workforce capacity appears adequate. Plan approximately 32 workers.
2024-04-12,WH_2,1443,50,1515.0,44.59,29.0,31.0,0.95,0.03,Adequate,Workforce capacity appears adequate. Plan approximately 29 workers.
2024-04-13,WH_2,1508,50,1510.29,43.1,31.0,31.0,1.0,0.03,Adequate,Workforce capacity appears adequate. Plan approximately 31 workers.
2024-04-14,WH_2,1525,50,1511.71,43.45,31.0,31.0,1.01,0.03,Adequate,Workforce capacity appears adequate. Plan approximately 31 workers.
2024-04-15,WH_2,1465,50,1498.57,41.33,30.0,30.0,0.98,0.03,Adequate,Workforce capacity appears adequate. Plan approximately 30 workers.
2024-04-16,WH_2,1403,50,1488.14,54.94,29.0,30.0,0.94,0.04,Adequate,Workforce capacity appears adequate. Plan approximately 29 workers.
2024-04-17,WH_2,1459,50,1481.43,55.27,30.0,30.0,0.98,0.04,Adequate,Workforce capacity appears adequate. Plan approximately 30 workers.
2024-04-18,WH_2,1592,50,1485.0,62.1,32.0,30.0,1.07,0.04,Adequate,Workforce capacity appears adequate. Plan approximately 32 workers.
2024-04-19,WH_2,1511,50,1494.71,59.71,31.0,30.0,1.01,0.04,Adequate,Workforce capacity appears adequate. Plan approximately 31 workers.
2024-04-20,WH_2,1533,50,1498.29,61.36,31.0,30.0,1.02,0.04,Adequate,Workforce capacity appears adequate. Plan approximately 31 workers.
2024-04-21,WH_2,1446,50,1487.0,62.88,29.0,30.0,0.97,0.04,Adequate,Workforce capacity appears adequate. Plan approximately 29 workers.
2024-04-22,WH_2,1429,50,1481.86,66.35,29.0,30.0,0.96,0.04,Adequate,Workforce capacity appears adequate. Plan approximately 29 workers.
2024-04-23,WH_2,1515,50,1497.86,57.02,31.0,30.0,1.01,0.04,Adequate,Workforce capacity appears adequate. Plan approximately 31 workers.
2024-04-24,WH_2,1453,50,1497.0,57.74,30.0,30.0,0.97,0.04,Adequate,Workforce capacity appears adequate. Plan approximately 30 workers.
2024-04-25,WH_2,1511,50,1485.43,41.3,31.0,30.0,1.02,0.03,Adequate,Workforce capacity appears adequate. Plan approximately 31 workers.
2024-04-26,WH_2,1419,50,1472.29,46.16,29.0,30.0,0.96,0.03,Adequate,Workforce capacity appears adequate. Plan approximately 29 workers.
2024-04-27,WH_2,1434,50,1458.14,39.08,29.0,30.0,0.98,0.03,Adequate,Workforce capacity appears adequate. Plan approximately 29 workers.
2024-04-28,WH_2,1491,50,1464.57,40.43,30.0,30.0,1.02,0.03,Adequate,Workforce capacity appears adequate. Plan approximately 30 workers.
2024-04-29,WH_2,1410,50,1461.86,43.72,29.0,30.0,0.96,0.03,Adequate,Workforce capacity appears adequate. Plan approximately 29 workers.
2024-04-30,WH_2,1419,50,1448.14,39.08,29.0,29.0,0.98,0.03,Adequate,Workforce capacity appears adequate. Plan approximately 29 workers.
2024-05-01,WH_2,1433,50,1445.29,39.4,29.0,29.0,0.99,0.03,Adequate,Workforce capacity appears adequate. Plan approximately 29 workers.
2024-05-02,WH_2,1467,50,1439.0,29.41,30.0,29.0,1.02,0.02,Adequate,Workforce capacity appears adequate. Plan approximately 30 workers.
2024-05-03,WH_2,1400,50,1436.29,32.3,28.0,29.0,0.97,0.02,Adequate,Workforce capacity appears adequate. Plan approximately 28 workers.
2024-05-04,WH_2,1363,50,1426.14,42.63,28.0,29.0,0.96,0.03,Adequate,Workforce capacity appears adequate. Plan approximately 28 workers.
2024-05-05,WH_2,1381,50,1410.43,34.18,28.0,29.0,0.98,0.02,Adequate,Workforce capacity appears adequate. Plan approximately 28 workers.
2024-05-06,WH_2,1495,50,1422.57,46.78,30.0,29.0,1.05,0.03,Adequate,Workforce capacity appears adequate. Plan approximately 30 workers.
2024-05-07,WH_2,1464,50,1429.0,49.23,30.0,29.0,1.02,0.03,Adequate,Workforce capacity appears adequate. Plan approximately 30 workers.
2024-05-08,WH_2,1432,50,1428.86,49.22,29.0,29.0,1.0,0.03,Adequate,Workforce capacity appears adequate. Plan approximately 29 workers.
2024-05-09,WH_2,1451,50,1426.57,47.49,30.0,29.0,1.02,0.03,Adequate,Workforce capacity appears adequate. Plan approximately 30 workers.
2024-05-10,WH_2,1375,50,1423.0,50.66,28.0,29.0,0.97,0.04,Adequate,Workforce capacity appears adequate. Plan approximately 28 workers.
2024-05-11,WH_2,1405,50,1429.0,44.48,29.0,29.0,0.98,0.03,Adequate,Workforce capacity appears adequate. Plan approximately 29 workers.
2024-05-12,WH_2,1346,50,1424.0,52.09,27.0,29.0,0.95,0.04,Adequate,Workforce capacity appears adequate. Plan approximately 27 workers.
2024-05-13,WH_2,1423,50,1413.71,41.83,29.0,29.0,1.01,0.03,Adequate,Workforce capacity appears adequate. Plan approximately 29 workers.
2024-05-14,WH_2,1435,50,1409.57,37.2,29.0,29.0,1.02,0.03,Adequate,Workforce capacity appears adequate. Plan approximately 29 workers.
2024-05-15,WH_2,1356,50,1398.71,40.51,28.0,28.0,0.97,0.03,Adequate,Workforce capacity appears adequate. Plan approximately 28 workers.
2024-05-16,WH_2,1407,50,1392.43,33.92,29.0,28.0,1.01,0.02,Adequate,Workforce capacity appears adequate. Plan approximately 29 workers.
2024-05-17,WH_2,1406,50,1396.86,33.28,29.0,28.0,1.01,0.02,Adequate,Workforce capacity appears adequate. Plan approximately 29 workers.
2024-05-18,WH_2,1344,50,1388.14,38.39,27.0,28.0,0.97,0.03,Adequate,Workforce capacity appears adequate. Plan approximately 27 workers.
2024-05-19,WH_2,1322,50,1384.71,43.51,27.0,28.0,0.95,0.03,Adequate,Workforce capacity appears adequate. Plan approximately 27 workers.
2024-05-20,WH_2,1349,50,1374.14,41.61,27.0,28.0,0.98,0.03,Adequate,Workforce capacity appears adequate. Plan approximately 27 workers.
2024-05-21,WH_2,1315,50,1357.0,36.8,27.0,28.0,0.97,0.03,Adequate,Workforce capacity appears adequate. Plan approximately 27 workers.
2024-05-22,WH_2,1359,50,1357.43,36.8,28.0,28.0,1.0,0.03,Adequate,Workforce capacity appears adequate. Plan approximately 28 workers.
2024-05-23,WH_2,1357,50,1350.29,29.75,28.0,28.0,1.0,0.02,Adequate,Workforce capacity appears adequate. Plan approximately 28 workers.
2024-05-24,WH_2,1220,50,1323.71,48.72,25.0,27.0,0.92,0.04,Adequate,Workforce capacity appears adequate. Plan approximately 25 workers.
2024-05-25,WH_2,1387,50,1329.86,54.11,28.0,27.0,1.04,0.04,Adequate,Workforce capacity appears adequate. Plan approximately 28 workers.
2024-05-26,WH_2,1332,50,1331.29,54.0,27.0,27.0,1.0,0.04,Adequate,Workforce capacity appears adequate. Plan approximately 27 workers.
2024-05-27,WH_2,1299,50,1324.14,54.57,26.0,27.0,0.98,0.04,Adequate,Workforce capacity appears adequate. Plan approximately 26 workers.
2024-05-28,WH_2,1198,50,1307.43,72.73,24.0,27.0,0.92,0.06,Adequate,Workforce capacity appears adequate. Plan approximately 24 workers.
2024-05-29,WH_2,1227,50,1288.57,74.23,25.0,26.0,0.95,0.06,Adequate,Workforce capacity appears adequate. Plan approximately 25 workers.
2024-05-30,WH_2,1316,50,1282.71,69.39,27.0,26.0,1.03,0.05,Adequate,Workforce capacity appears adequate. Plan approximately 27 workers.
2024-05-31,WH_2,1330,50,1298.43,65.15,27.0,26.0,1.02,0.05,Adequate,Workforce capacity appears adequate. Plan approximately 27 workers.
2024-06-01,WH_2,1199,50,1271.57,61.18,24.0,26.0,0.94,0.05,Adequate,Workforce capacity appears adequate. Plan approximately 24 workers.
2024-06-02,WH_2,1229,50,1256.86,56.43,25.0,26.0,0.98,0.04,Adequate,Workforce capacity appears adequate. Plan approximately 25 workers.
2024-06-03,WH_2,1256,50,1250.71,53.33,26.0,26.0,1.0,0.04,Adequate,Workforce capacity appears adequate. Plan approximately 26 workers.
2024-06-04,WH_2,1206,50,1251.86,52.08,25.0,26.0,0.96,0.04,Adequate,Workforce capacity appears adequate. Plan approximately 25 workers.
2024-06-05,WH_2,1211,50,1249.57,53.68,25.0,25.0,0.97,0.04,Adequate,Workforce capacity appears adequate. Plan approximately 25 workers.
2024-06-06,WH_2,1256,50,1241.0,45.47,26.0,25.0,1.01,0.04,Adequate,Workforce capacity appears adequate. Plan approximately 26 workers.
2024-06-07,WH_2,1195,50,1221.71,25.81,24.0,25.0,0.98,0.02,Adequate,Workforce capacity appears adequate. Plan approximately 24 workers.
2024-06-08,WH_2,1195,50,1221.14,26.43,24.0,25.0,0.98,0.02,Adequate,Workforce capacity appears adequate. Plan approximately 24 workers.
2024-06-09,WH_2,1201,50,1217.14,27.15,25.0,25.0,0.99,0.02,Adequate,Workforce capacity appears adequate. Plan approximately 25 workers.
2024-06-10,WH_2,1186,50,1207.14,23.03,24.0,25.0,0.98,0.02,Adequate,Workforce capacity appears adequate. Plan approximately 24 workers.
2024-06-11,WH_2,1219,50,1209.0,23.44,25.0,25.0,1.01,0.02,Adequate,Workforce capacity appears adequate. Plan approximately 25 workers.
2024-06-12,WH_2,1162,50,1202.0,29.33,24.0,25.0,0.97,0.02,Adequate,Workforce capacity appears adequate. Plan approximately 24 workers.
2024-06-13,WH_2,1197,50,1193.57,17.18,24.0,24.0,1.0,0.01,Adequate,Workforce capacity appears adequate. Plan approximately 24 workers.
2024-06-14,WH_2,1169,50,1189.86,19.48,24.0,24.0,0.98,0.02,Adequate,Workforce capacity appears adequate. Plan approximately 24 workers.
2024-06-15,WH_2,1075,50,1172.71,47.23,22.0,24.0,0.92,0.04,Adequate,Workforce capacity appears adequate. Plan approximately 22 workers.
2024-06-16,WH_2,1141,50,1164.14,46.68,23.0,24.0,0.98,0.04,Adequate,Workforce capacity appears adequate. Plan approximately 23 workers.
2024-06-17,WH_2,1164,50,1161.0,45.7,24.0,24.0,1.0,0.04,Adequate,Workforce capacity appears adequate. Plan approximately 24 workers.
2024-06-18,WH_2,1156,50,1152.0,37.91,24.0,24.0,1.0,0.03,Adequate,Workforce capacity appears adequate. Plan approximately 24 workers.
2024-06-19,WH_2,1076,50,1139.71,46.98,22.0,23.0,0.94,0.04,Adequate,Workforce capacity appears adequate. Plan approximately 22 workers.
2024-06-20,WH_2,1041,50,1117.43,52.01,21.0,23.0,0.93,0.05,Adequate,Workforce capacity appears adequate. Plan approximately 21 workers.
2024-06-21,WH_2,1109,50,1108.86,46.77,23.0,23.0,1.0,0.04,Adequate,Workforce capacity appears adequate. Plan approximately 23 workers.
2024-06-22,WH_2,1074,50,1108.71,46.9,22.0,23.0,0.97,0.04,Adequate,Workforce capacity appears adequate. Plan approximately 22 workers.
2024-06-23,WH_2,1070,50,1098.57,46.43,22.0,22.0,0.97,0.04,Adequate,Workforce capacity appears adequate. Plan approximately 22 workers.
2024-06-24,WH_2,994,50,1074.29,50.76,20.0,22.0,0.93,0.05,Adequate,Workforce capacity appears adequate. Plan approximately 20 workers.
2024-06-25,WH_2,1087,50,1064.43,37.11,22.0,22.0,1.02,0.03,Adequate,Workforce capacity appears adequate. Plan approximately 22 workers.
2024-06-26,WH_2,1027,50,1057.43,39.13,21.0,22.0,0.97,0.04,Adequate,Workforce capacity appears adequate. Plan approximately 21 workers.
2024-06-27,WH_2,1003,50,1052.0,44.11,21.0,22.0,0.95,0.04,Adequate,Workforce capacity appears adequate. Plan approximately 21 workers.
2024-06-28,WH_2,1064,50,1045.57,37.14,22.0,21.0,1.02,0.04,Adequate,Workforce capacity appears adequate. Plan approximately 22 workers.
2024-06-29,WH_2,1024,50,1038.43,35.54,21.0,21.0,0.99,0.03,Adequate,Workforce capacity appears adequate. Plan approximately 21 workers.
2024-06-30,WH_2,987,50,1026.57,37.06,20.0,21.0,0.96,0.04,Adequate,Workforce capacity appears adequate. Plan approximately 20 workers.
2024-07-01,WH_2,1017,50,1029.86,34.63,21.0,21.0,0.99,0.03,Adequate,Workforce capacity appears adequate. Plan approximately 21 workers.
2024-07-02,WH_2,991,50,1016.14,26.22,20.0,21.0,0.98,0.03,Adequate,Workforce capacity appears adequate. Plan approximately 20 workers.
2024-07-03,WH_2,975,50,1008.71,29.76,20.0,21.0,0.97,0.03,Adequate,Workforce capacity appears adequate. Plan approximately 20 workers.
2024-07-04,WH_2,1018,50,1010.86,29.82,21.0,21.0,1.01,0.03,Adequate,Workforce capacity appears adequate. Plan approximately 21 workers.
2024-07-05,WH_2,1004,50,1002.29,18.45,21.0,21.0,1.0,0.02,Adequate,Workforce capacity appears adequate. Plan approximately 21 workers.
2024-07-06,WH_2,900,50,984.57,40.49,18.0,20.0,0.91,0.04,Adequate,Workforce capacity appears adequate. Plan approximately 18 workers.
2024-07-07,WH_2,898,50,971.86,51.95,18.0,20.0,0.92,0.05,Adequate,Workforce capacity appears adequate. Plan approximately 18 workers.
2024-07-08,WH_2,984,50,967.14,48.56,20.0,20.0,1.02,0.05,Adequate,Workforce capacity appears adequate. Plan approximately 20 workers.
2024-07-09,WH_2,966,50,963.57,47.42,20.0,20.0,1.0,0.05,Adequate,Workforce capacity appears adequate. Plan approximately 20 workers.
2024-07-10,WH_2,940,50,958.57,47.86,19.0,20.0,0.98,0.05,Adequate,Workforce capacity appears adequate. Plan approximately 19 workers.
2024-07-11,WH_2,944,50,948.0,40.08,19.0,19.0,1.0,0.04,Adequate,Workforce capacity appears adequate. Plan approximately 19 workers.
2024-07-12,WH_2,892,50,932.0,36.17,18.0,19.0,0.96,0.04,Adequate,Workforce capacity appears adequate. Plan approximately 18 workers.
2024-07-13,WH_2,836,50,922.86,50.75,17.0,19.0,0.91,0.05,Adequate,Workforce capacity appears adequate. Plan approximately 17 workers.
2024-07-14,WH_2,854,50,916.57,56.72,18.0,19.0,0.93,0.06,Adequate,Workforce capacity appears adequate. Plan approximately 18 workers.
2024-07-15,WH_2,939,50,910.14,49.95,19.0,19.0,1.03,0.05,Adequate,Workforce capacity appears adequate. Plan approximately 19 workers.
2024-07-16,WH_2,902,50,901.0,43.45,19.0,19.0,1.0,0.05,Adequate,Workforce capacity appears adequate. Plan approximately 19 workers.
2024-07-17,WH_2,794,50,880.14,55.1,16.0,18.0,0.9,0.06,Adequate,Workforce capacity appears adequate. Plan approximately 16 workers.
2024-07-18,WH_2,820,50,862.43,50.92,17.0,18.0,0.95,0.06,Adequate,Workforce capacity appears adequate. Plan approximately 17 workers.
2024-07-19,WH_2,829,50,853.43,50.38,17.0,18.0,0.97,0.06,Adequate,Workforce capacity appears adequate. Plan approximately 17 workers.
2024-07-20,WH_2,886,50,860.57,51.04,18.0,18.0,1.03,0.06,Adequate,Workforce capacity appears adequate. Plan approximately 18 workers.
2024-07-21,WH_2,852,50,860.29,51.09,18.0,18.0,0.99,0.06,Adequate,Workforce capacity appears adequate. Plan approximately 18 workers.
2024-07-22,WH_2,844,50,846.71,37.51,17.0,17.0,1.0,0.04,Adequate,Workforce capacity appears adequate. Plan approximately 17 workers.
2024-07-23,WH_2,783,50,829.71,35.17,16.0,17.0,0.94,0.04,Adequate,Workforce capacity appears adequate. Plan approximately 16 workers.
2024-07-24,WH_2,834,50,835.43,31.45,17.0,17.0,1.0,0.04,Adequate,Workforce capacity appears adequate. Plan approximately 17 workers.
2024-07-25,WH_2,739,50,823.86,48.41,15.0,17.0,0.9,0.06,Adequate,Workforce capacity appears adequate. Plan approximately 15 workers.
2024-07-26,WH_2,822,50,822.86,48.35,17.0,17.0,1.0,0.06,Adequate,Workforce capacity appears adequate. Plan approximately 17 workers.
2024-07-27,WH_2,805,50,811.29,39.63,17.0,17.0,0.99,0.05,Adequate,Workforce capacity appears adequate. Plan approximately 17 workers.
2024-07-28,WH_2,768,50,799.29,37.93,16.0,16.0,0.96,0.05,Adequate,Workforce capacity appears adequate. Plan approximately 16 workers.
2024-07-29,WH_2,811,50,794.57,33.2,17.0,16.0,1.02,0.04,Adequate,Workforce capacity appears adequate. Plan approximately 17 workers.
2024-07-30,WH_2,751,50,790.0,37.04,16.0,16.0,0.95,0.05,Adequate,Workforce capacity appears adequate. Plan approximately 16 workers.
2024-07-31,WH_2,734,50,775.71,36.52,15.0,16.0,0.95,0.05,Adequate,Workforce capacity appears adequate. Plan approximately 15 workers.
2024-08-01,WH_2,727,50,774.0,38.75,15.0,16.0,0.94,0.05,Adequate,Workforce capacity appears adequate. Plan approximately 15 workers.
2024-08-02,WH_2,773,50,767.0,32.56,16.0,16.0,1.01,0.04,Adequate,Workforce capacity appears adequate. Plan approximately 16 workers.
2024-08-03,WH_2,833,50,771.0,39.08,17.0,16.0,1.08,0.05,Adequate,Workforce capacity appears adequate. Plan approximately 17 workers.
2024-08-04,WH_2,786,50,773.57,39.44,16.0,16.0,1.02,0.05,Adequate,Workforce capacity appears adequate. Plan approximately 16 workers.
2024-08-05,WH_2,695,50,757.0,45.06,14.0,16.0,0.92,0.06,Adequate,Workforce capacity appears adequate. Plan approximately 14 workers.
2024-08-06,WH_2,705,50,750.43,49.24,15.0,16.0,0.94,0.07,Adequate,Workforce capacity appears adequate. Plan approximately 15 workers.
2024-08-07,WH_2,722,50,748.71,50.11,15.0,15.0,0.96,0.07,Adequate,Workforce capacity appears adequate. Plan approximately 15 workers.
2024-08-08,WH_2,699,50,744.71,53.16,14.0,15.0,0.94,0.07,Adequate,Workforce capacity appears adequate. Plan approximately 14 workers.
2024-08-09,WH_2,681,50,731.57,56.28,14.0,15.0,0.93,0.08,Adequate,Workforce capacity appears adequate. Plan approximately 14 workers.
2024-08-10,WH_2,675,50,709.0,37.31,14.0,15.0,0.95,0.05,Adequate,Workforce capacity appears adequate. Plan approximately 14 workers.
2024-08-11,WH_2,617,50,684.86,33.68,13.0,14.0,0.9,0.05,Adequate,Workforce capacity appears adequate. Plan approximately 13 workers.
2024-08-12,WH_2,626,50,675.0,39.76,13.0,14.0,0.93,0.06,Adequate,Workforce capacity appears adequate. Plan approximately 13 workers.
2024-08-13,WH_2,647,50,666.71,38.49,13.0,14.0,0.97,0.06,Adequate,Workforce capacity appears adequate. Plan approximately 13 workers.
2024-08-14,WH_2,678,50,660.43,30.78,14.0,14.0,1.03,0.05,Adequate,Workforce capacity appears adequate. Plan approximately 14 workers.
2024-08-15,WH_2,630,50,650.57,27.21,13.0,14.0,0.97,0.04,Adequate,Workforce capacity appears adequate. Plan approximately 13 workers.
2024-08-16,WH_2,621,50,642.0,25.42,13.0,13.0,0.97,0.04,Adequate,Workforce capacity appears adequate. Plan approximately 13 workers.
2024-08-17,WH_2,598,50,631.0,25.42,12.0,13.0,0.95,0.04,Adequate,Workforce capacity appears adequate. Plan approximately 12 workers.
2024-08-18,WH_2,608,50,629.71,26.45,13.0,13.0,0.97,0.04,Adequate,Workforce capacity appears adequate. Plan approximately 13 workers.
2024-08-19,WH_2,637,50,631.29,26.52,13.0,13.0,1.01,0.04,Adequate,Workforce capacity appears adequate. Plan approximately 13 workers.
2024-08-20,WH_2,652,50,632.0,27.07,14.0,13.0,1.03,0.04,Adequate,Workforce capacity appears adequate. Plan approximately 14 workers.
2024-08-21,WH_2,635,50,625.86,18.38,13.0,13.0,1.01,0.03,Adequate,Workforce capacity appears adequate. Plan approximately 13 workers.
2024-08-22,WH_2,610,50,623.0,19.17,13.0,13.0,0.98,0.03,Adequate,Workforce capacity appears adequate. Plan approximately 13 workers.
2024-08-23,WH_2,641,50,625.86,20.28,13.0,13.0,1.02,0.03,Adequate,Workforce capacity appears adequate. Plan approximately 13 workers.
2024-08-24,WH_2,653,50,633.71,18.24,14.0,13.0,1.03,0.03,Adequate,Workforce capacity appears adequate. Plan approximately 14 workers.
2024-08-25,WH_2,616,50,634.86,16.53,13.0,13.0,0.97,0.03,Adequate,Workforce capacity appears adequate. Plan approximately 13 workers.
2024-08-26,WH_2,605,50,630.29,19.91,13.0,13.0,0.96,0.03,Adequate,Workforce capacity appears adequate. Plan approximately 13 workers.
2024-08-27,WH_2,536,50,613.71,38.46,11.0,13.0,0.87,0.06,Adequate,Workforce capacity appears adequate. Plan approximately 11 workers.
2024-08-28,WH_2,531,50,598.86,47.82,11.0,12.0,0.89,0.08,Adequate,Workforce capacity appears adequate. Plan approximately 11 workers.
2024-08-29,WH_2,507,50,584.14,58.48,11.0,12.0,0.87,0.1,Adequate,Workforce capacity appears adequate. Plan approximately 11 workers.
2024-08-30,WH_2,569,50,573.86,52.87,12.0,12.0,0.99,0.09,Adequate,Workforce capacity appears adequate. Plan approximately 12 workers.
2024-08-31,WH_2,536,50,557.14,40.8,11.0,12.0,0.96,0.07,Adequate,Workforce capacity appears adequate. Plan approximately 11 workers.
2024-09-01,WH_2,499,50,540.43,36.4,10.0,11.0,0.92,0.07,Adequate,Workforce capacity appears adequate. Plan approximately 10 workers.
2024-09-02,WH_2,571,50,535.57,27.53,12.0,11.0,1.07,0.05,Adequate,Workforce capacity appears adequate. Plan approximately 12 workers.
2024-09-03,WH_2,503,50,530.86,30.15,11.0,11.0,0.95,0.06,Adequate,Workforce capacity appears adequate. Plan approximately 11 workers.
2024-09-04,WH_2,556,50,534.43,31.61,12.0,11.0,1.04,0.06,Adequate,Workforce capacity appears adequate. Plan approximately 12 workers.
2024-09-05,WH_2,568,50,543.14,31.2,12.0,11.0,1.05,0.06,Adequate,Workforce capacity appears adequate. Plan approximately 12 workers.
2024-09-06,WH_2,529,50,537.43,29.27,11.0,11.0,0.98,0.05,Adequate,Workforce capacity appears adequate. Plan approximately 11 workers.
2024-09-07,WH_2,497,50,531.86,33.06,10.0,11.0,0.93,0.06,Adequate,Workforce capacity appears adequate. Plan approximately 10 workers.
2024-09-08,WH_2,565,50,541.29,31.5,12.0,11.0,1.04,0.06,Adequate,Workforce capacity appears adequate. Plan approximately 12 workers.
2024-09-09,WH_2,563,50,540.14,30.37,12.0,11.0,1.04,0.06,Adequate,Workforce capacity appears adequate. Plan approximately 12 workers.
2024-09-10,WH_2,556,50,547.71,25.83,12.0,11.0,1.02,0.05,Adequate,Workforce capacity appears adequate. Plan approximately 12 workers.
2024-09-11,WH_2,537,50,545.0,25.81,11.0,11.0,0.99,0.05,Adequate,Workforce capacity appears adequate. Plan approximately 11 workers.
2024-09-12,WH_2,460,50,529.57,38.79,10.0,11.0,0.87,0.07,Adequate,Workforce capacity appears adequate. Plan approximately 10 workers.
2024-09-13,WH_2,514,50,527.43,39.24,11.0,11.0,0.97,0.07,Adequate,Workforce capacity appears adequate. Plan approximately 11 workers.
2024-09-14,WH_2,507,50,528.86,38.11,11.0,11.0,0.96,0.07,Adequate,Workforce capacity appears adequate. Plan approximately 11 workers.
2024-09-15,WH_2,465,50,514.57,40.94,10.0,11.0,0.9,0.08,Adequate,Workforce capacity appears adequate. Plan approximately 10 workers.
2024-09-16,WH_2,493,50,504.57,35.3,10.0,11.0,0.98,0.07,Adequate,Workforce capacity appears adequate. Plan approximately 10 workers.
2024-09-17,WH_2,548,50,503.43,33.44,11.0,11.0,1.09,0.07,Adequate,Workforce capacity appears adequate. Plan approximately 11 workers.
2024-09-18,WH_2,448,50,490.71,35.41,9.0,10.0,0.91,0.07,Adequate,Workforce capacity appears adequate. Plan approximately 9 workers.
2024-09-19,WH_2,465,50,491.43,34.73,10.0,10.0,0.95,0.07,Adequate,Workforce capacity appears adequate. Plan approximately 10 workers.
2024-09-20,WH_2,533,50,494.14,37.43,11.0,10.0,1.08,0.08,Adequate,Workforce capacity appears adequate. Plan approximately 11 workers.
2024-09-21,WH_2,471,50,489.0,37.84,10.0,10.0,0.96,0.08,Adequate,Workforce capacity appears adequate. Plan approximately 10 workers.
2024-09-22,WH_2,591,50,507.0,51.88,12.0,11.0,1.17,0.1,Monitor,Workload is above recent average. Monitor staffing and consider 12 workers.
2024-09-23,WH_2,451,50,501.0,56.03,10.0,11.0,0.9,0.11,Adequate,Workforce capacity appears adequate. Plan approximately 10 workers.
2024-09-24,WH_2,555,50,502.0,57.06,12.0,11.0,1.11,0.11,Monitor,Workload is above recent average. Monitor staffing and consider 12 workers.
2024-09-25,WH_2,427,50,499.0,60.81,9.0,10.0,0.86,0.12,Adequate,Workforce capacity appears adequate. Plan approximately 9 workers.
2024-09-26,WH_2,445,50,496.14,63.1,9.0,10.0,0.9,0.13,Adequate,Workforce capacity appears adequate. Plan approximately 9 workers.
2024-09-27,WH_2,449,50,484.14,62.91,9.0,10.0,0.93,0.13,Adequate,Workforce capacity appears adequate. Plan approximately 9 workers.
2024-09-28,WH_2,486,50,486.29,62.64,10.0,10.0,1.0,0.13,Adequate,Workforce capacity appears adequate. Plan approximately 10 workers.
2024-09-29,WH_2,539,50,478.86,49.95,11.0,10.0,1.13,0.1,Monitor,Workload is above recent average. Monitor staffing and consider 11 workers.
2024-09-30,WH_2,500,50,485.86,48.81,10.0,10.0,1.03,0.1,Adequate,Workforce capacity appears adequate. Plan approximately 10 workers.
2024-10-01,WH_2,442,50,469.71,40.03,9.0,10.0,0.94,0.09,Adequate,Workforce capacity appears adequate. Plan approximately 9 workers.
2024-10-02,WH_2,458,50,474.14,36.03,10.0,10.0,0.97,0.08,Adequate,Workforce capacity appears adequate. Plan approximately 10 workers.
2024-10-03,WH_2,515,50,484.14,36.31,11.0,10.0,1.06,0.08,Adequate,Workforce capacity appears adequate. Plan approximately 11 workers.
2024-10-04,WH_2,466,50,486.57,34.07,10.0,10.0,0.96,0.07,Adequate,Workforce capacity appears adequate. Plan approximately 10 workers.
2024-10-05,WH_2,457,50,482.43,35.86,10.0,10.0,0.95,0.07,Adequate,Workforce capacity appears adequate. Plan approximately 10 workers.
2024-10-06,WH_2,575,50,487.57,46.37,12.0,10.0,1.18,0.1,Monitor,Workload is above recent average. Monitor staffing and consider 12 workers.
2024-10-07,WH_2,512,50,489.29,47.12,11.0,10.0,1.05,0.1,Adequate,Workforce capacity appears adequate. Plan approximately 11 workers.
2024-10-08,WH_2,449,50,490.29,46.01,9.0,10.0,0.92,0.09,Adequate,Workforce capacity appears adequate. Plan approximately 9 workers.
2024-10-09,WH_2,525,50,499.86,45.14,11.0,10.0,1.05,0.09,Adequate,Workforce capacity appears adequate. Plan approximately 11 workers.
2024-10-10,WH_2,474,50,494.0,45.5,10.0,10.0,0.96,0.09,Adequate,Workforce capacity appears adequate. Plan approximately 10 workers.
2024-10-11,WH_2,411,50,486.14,54.92,9.0,10.0,0.85,0.11,Underutilized,Demand is below recent average. Review workforce utilization.
2024-10-12,WH_2,525,50,495.86,54.92,11.0,10.0,1.06,0.11,Adequate,Workforce capacity appears adequate. Plan approximately 11 workers.
2024-10-13,WH_2,506,50,486.0,43.31,11.0,10.0,1.04,0.09,Adequate,Workforce capacity appears adequate. Plan approximately 11 workers.
2024-10-14,WH_2,535,50,489.29,46.38,11.0,10.0,1.09,0.09,Adequate,Workforce capacity appears adequate. Plan approximately 11 workers.
2024-10-15,WH_2,522,50,499.71,43.95,11.0,10.0,1.04,0.09,Adequate,Workforce capacity appears adequate. Plan approximately 11 workers.
2024-10-16,WH_2,461,50,490.57,44.47,10.0,10.0,0.94,0.09,Adequate,Workforce capacity appears adequate. Plan approximately 10 workers.
2024-10-17,WH_2,570,50,504.29,52.57,12.0,11.0,1.13,0.1,Monitor,Workload is above recent average. Monitor staffing and consider 12 workers.
2024-10-18,WH_2,516,50,519.29,32.77,11.0,11.0,0.99,0.06,Adequate,Workforce capacity appears adequate. Plan approximately 11 workers.
2024-10-19,WH_2,522,50,518.86,32.7,11.0,11.0,1.01,0.06,Adequate,Workforce capacity appears adequate. Plan approximately 11 workers.
2024-10-20,WH_2,499,50,517.86,33.26,10.0,11.0,0.96,0.06,Adequate,Workforce capacity appears adequate. Plan approximately 10 workers.
2024-10-21,WH_2,526,50,516.57,32.66,11.0,11.0,1.02,0.06,Adequate,Workforce capacity appears adequate. Plan approximately 11 workers.
2024-10-22,WH_2,503,50,513.86,32.92,11.0,11.0,0.98,0.06,Adequate,Workforce capacity appears adequate. Plan approximately 11 workers.
2024-10-23,WH_2,503,50,519.86,24.41,11.0,11.0,0.97,0.05,Adequate,Workforce capacity appears adequate. Plan approximately 11 workers.
2024-10-24,WH_2,511,50,511.43,10.34,11.0,11.0,1.0,0.02,Adequate,Workforce capacity appears adequate. Plan approximately 11 workers.
2024-10-25,WH_2,577,50,520.14,27.05,12.0,11.0,1.11,0.05,Monitor,Workload is above recent average. Monitor staffing and consider 12 workers.
2024-10-26,WH_2,537,50,522.29,27.8,11.0,11.0,1.03,0.05,Adequate,Workforce capacity appears adequate. Plan approximately 11 workers.
2024-10-27,WH_2,610,50,538.14,40.88,13.0,11.0,1.13,0.08,Monitor,Workload is above recent average. Monitor staffing and consider 13 workers.
2024-10-28,WH_2,533,50,539.14,40.62,11.0,11.0,0.99,0.08,Adequate,Workforce capacity appears adequate. Plan approximately 11 workers.
2024-10-29,WH_2,591,50,551.71,41.19,12.0,12.0,1.07,0.07,Adequate,Workforce capacity appears adequate. Plan approximately 12 workers.
2024-10-30,WH_2,537,50,556.57,36.18,11.0,12.0,0.96,0.07,Adequate,Workforce capacity appears adequate. Plan approximately 11 workers.
2024-10-31,WH_2,593,50,568.29,32.0,12.0,12.0,1.04,0.06,Adequate,Workforce capacity appears adequate. Plan approximately 12 workers.
2024-11-01,WH_2,588,50,569.86,32.76,12.0,12.0,1.03,0.06,Adequate,Workforce capacity appears adequate. Plan approximately 12 workers.
2024-11-02,WH_2,579,50,575.86,29.42,12.0,12.0,1.01,0.05,Adequate,Workforce capacity appears adequate. Plan approximately 12 workers.
2024-11-03,WH_2,649,50,581.43,39.07,13.0,12.0,1.12,0.07,Monitor,Workload is above recent average. Monitor staffing and consider 13 workers.
2024-11-04,WH_2,531,50,581.14,39.49,11.0,12.0,0.91,0.07,Adequate,Workforce capacity appears adequate. Plan approximately 11 workers.
2024-11-05,WH_2,570,50,578.14,39.41,12.0,12.0,0.99,0.07,Adequate,Workforce capacity appears adequate. Plan approximately 12 workers.
2024-11-06,WH_2,568,50,582.57,35.58,12.0,12.0,0.97,0.06,Adequate,Workforce capacity appears adequate. Plan approximately 12 workers.
2024-11-07,WH_2,641,50,589.43,41.97,13.0,12.0,1.09,0.07,Adequate,Workforce capacity appears adequate. Plan approximately 13 workers.
2024-11-08,WH_2,675,50,601.86,52.93,14.0,13.0,1.12,0.09,Monitor,Workload is above recent average. Monitor staffing and consider 14 workers.
2024-11-09,WH_2,628,50,608.86,52.64,13.0,13.0,1.03,0.09,Adequate,Workforce capacity appears adequate. Plan approximately 13 workers.
2024-11-10,WH_2,634,50,606.71,51.02,13.0,13.0,1.04,0.08,Adequate,Workforce capacity appears adequate. Plan approximately 13 workers.
2024-11-11,WH_2,535,50,607.29,50.04,11.0,13.0,0.88,0.08,Adequate,Workforce capacity appears adequate. Plan approximately 11 workers.
2024-11-12,WH_2,585,50,609.43,48.47,12.0,13.0,0.96,0.08,Adequate,Workforce capacity appears adequate. Plan approximately 12 workers.
2024-11-13,WH_2,618,50,616.57,44.9,13.0,13.0,1.0,0.07,Adequate,Workforce capacity appears adequate. Plan approximately 13 workers.
2024-11-14,WH_2,633,50,615.43,44.28,13.0,13.0,1.03,0.07,Adequate,Workforce capacity appears adequate. Plan approximately 13 workers.
2024-11-15,WH_2,665,50,614.0,42.14,14.0,13.0,1.08,0.07,Adequate,Workforce capacity appears adequate. Plan approximately 14 workers.
2024-11-16,WH_2,628,50,614.0,42.14,13.0,13.0,1.02,0.07,Adequate,Workforce capacity appears adequate. Plan approximately 13 workers.
2024-11-17,WH_2,636,50,614.29,42.31,13.0,13.0,1.04,0.07,Adequate,Workforce capacity appears adequate. Plan approximately 13 workers.
2024-11-18,WH_2,641,50,629.43,24.36,13.0,13.0,1.02,0.04,Adequate,Workforce capacity appears adequate. Plan approximately 13 workers.
2024-11-19,WH_2,637,50,636.86,14.48,13.0,13.0,1.0,0.02,Adequate,Workforce capacity appears adequate. Plan approximately 13 workers.
2024-11-20,WH_2,679,50,645.57,18.92,14.0,13.0,1.05,0.03,Adequate,Workforce capacity appears adequate. Plan approximately 14 workers.
2024-11-21,WH_2,632,50,645.43,19.03,13.0,13.0,0.98,0.03,Adequate,Workforce capacity appears adequate. Plan approximately 13 workers.
2024-11-22,WH_2,725,50,654.0,35.61,15.0,14.0,1.11,0.05,Monitor,Workload is above recent average. Monitor staffing and consider 15 workers.
2024-11-23,WH_2,675,50,660.71,34.3,14.0,14.0,1.02,0.05,Adequate,Workforce capacity appears adequate. Plan approximately 14 workers.
2024-11-24,WH_2,704,50,670.43,35.73,15.0,14.0,1.05,0.05,Adequate,Workforce capacity appears adequate. Plan approximately 15 workers.
2024-11-25,WH_2,704,50,679.43,35.01,15.0,14.0,1.04,0.05,Adequate,Workforce capacity appears adequate. Plan approximately 15 workers.
2024-11-26,WH_2,746,50,695.0,37.17,15.0,14.0,1.07,0.05,Adequate,Workforce capacity appears adequate. Plan approximately 15 workers.
2024-11-27,WH_2,751,50,705.29,41.69,16.0,15.0,1.06,0.06,Adequate,Workforce capacity appears adequate. Plan approximately 16 workers.
2024-11-28,WH_2,782,50,726.71,35.89,16.0,15.0,1.08,0.05,Adequate,Workforce capacity appears adequate. Plan approximately 16 workers.
2024-11-29,WH_2,751,50,730.43,37.01,16.0,15.0,1.03,0.05,Adequate,Workforce capacity appears adequate. Plan approximately 16 workers.
2024-11-30,WH_2,764,50,743.14,29.27,16.0,15.0,1.03,0.04,Adequate,Workforce capacity appears adequate. Plan approximately 16 workers.
2024-12-01,WH_2,829,50,761.0,38.18,17.0,16.0,1.09,0.05,Adequate,Workforce capacity appears adequate. Plan approximately 17 workers.
2024-12-02,WH_2,709,50,761.71,36.97,15.0,16.0,0.93,0.05,Adequate,Workforce capacity appears adequate. Plan approximately 15 workers.
2024-12-03,WH_2,761,50,763.86,36.33,16.0,16.0,1.0,0.05,Adequate,Workforce capacity appears adequate. Plan approximately 16 workers.
2024-12-04,WH_2,786,50,768.86,36.68,16.0,16.0,1.02,0.05,Adequate,Workforce capacity appears adequate. Plan approximately 16 workers.
2024-12-05,WH_2,824,50,774.86,42.2,17.0,16.0,1.06,0.05,Adequate,Workforce capacity appears adequate. Plan approximately 17 workers.
2024-12-06,WH_2,813,50,783.71,42.86,17.0,16.0,1.04,0.05,Adequate,Workforce capacity appears adequate. Plan approximately 17 workers.
2024-12-07,WH_2,818,50,791.43,43.58,17.0,16.0,1.03,0.06,Adequate,Workforce capacity appears adequate. Plan approximately 17 workers.
2024-12-08,WH_2,853,50,794.86,47.77,18.0,16.0,1.07,0.06,Adequate,Workforce capacity appears adequate. Plan approximately 18 workers.
2024-12-09,WH_2,870,50,817.86,37.11,18.0,17.0,1.06,0.05,Adequate,Workforce capacity appears adequate. Plan approximately 18 workers.
2024-12-10,WH_2,808,50,824.57,28.32,17.0,17.0,0.98,0.03,Adequate,Workforce capacity appears adequate. Plan approximately 17 workers.
2024-12-11,WH_2,813,50,828.43,23.64,17.0,17.0,0.98,0.03,Adequate,Workforce capacity appears adequate. Plan approximately 17 workers.
2024-12-12,WH_2,836,50,830.14,23.7,17.0,17.0,1.01,0.03,Adequate,Workforce capacity appears adequate. Plan approximately 17 workers.
2024-12-13,WH_2,881,50,839.86,28.88,18.0,17.0,1.05,0.03,Adequate,Workforce capacity appears adequate. Plan approximately 18 workers.
2024-12-14,WH_2,819,50,840.0,28.75,17.0,17.0,0.98,0.03,Adequate,Workforce capacity appears adequate. Plan approximately 17 workers.
2024-12-15,WH_2,889,50,845.14,34.17,18.0,17.0,1.05,0.04,Adequate,Workforce capacity appears adequate. Plan approximately 18 workers.
2024-12-16,WH_2,885,50,847.29,36.39,18.0,17.0,1.04,0.04,Adequate,Workforce capacity appears adequate. Plan approximately 18 workers.
2024-12-17,WH_2,900,50,860.43,36.45,18.0,18.0,1.05,0.04,Adequate,Workforce capacity appears adequate. Plan approximately 18 workers.
2024-12-18,WH_2,880,50,870.0,30.18,18.0,18.0,1.01,0.03,Adequate,Workforce capacity appears adequate. Plan approximately 18 workers.
2024-12-19,WH_2,908,50,880.29,28.9,19.0,18.0,1.03,0.03,Adequate,Workforce capacity appears adequate. Plan approximately 19 workers.
2024-12-20,WH_2,923,50,886.29,33.12,19.0,18.0,1.04,0.04,Adequate,Workforce capacity appears adequate. Plan approximately 19 workers.
2024-12-21,WH_2,979,50,909.14,34.14,20.0,19.0,1.08,0.04,Adequate,Workforce capacity appears adequate. Plan approximately 20 workers.
2024-12-22,WH_2,896,50,910.14,33.55,18.0,19.0,0.98,0.04,Adequate,Workforce capacity appears adequate. Plan approximately 18 workers.
2024-12-23,WH_2,904,50,912.86,31.91,19.0,19.0,0.99,0.03,Adequate,Workforce capacity appears adequate. Plan approximately 19 workers.
2024-12-24,WH_2,927,50,916.71,31.73,19.0,19.0,1.01,0.03,Adequate,Workforce capacity appears adequate. Plan approximately 19 workers.
2024-12-25,WH_2,1044,50,940.14,53.31,21.0,19.0,1.11,0.06,Monitor,Workload is above recent average. Monitor staffing and consider 21 workers.
2024-12-26,WH_2,922,50,942.14,52.15,19.0,19.0,0.98,0.06,Adequate,Workforce capacity appears adequate. Plan approximately 19 workers.
2024-12-27,WH_2,936,50,944.0,51.58,19.0,19.0,0.99,0.05,Adequate,Workforce capacity appears adequate. Plan approximately 19 workers.
2024-12-28,WH_2,882,50,930.14,53.6,18.0,19.0,0.95,0.06,Adequate,Workforce capacity appears adequate. Plan approximately 18 workers.
2024-12-29,WH_2,1055,50,952.86,68.38,22.0,20.0,1.11,0.07,Monitor,Workload is above recent average. Monitor staffing and consider 22 workers.
2024-12-30,WH_2,975,50,963.0,65.11,20.0,20.0,1.01,0.07,Adequate,Workforce capacity appears adequate. Plan approximately 20 workers.
2024-01-01,WH_3,1022,50,1022.0,0.0,21.0,21.0,1.0,0.0,Adequate,Workforce capacity appears adequate. Plan approximately 21 workers.
2024-01-02,WH_3,1006,50,1014.0,11.31,21.0,21.0,0.99,0.01,Adequate,Workforce capacity appears adequate. Plan approximately 21 workers.
2024-01-03,WH_3,1013,50,1013.67,8.02,21.0,21.0,1.0,0.01,Adequate,Workforce capacity appears adequate. Plan approximately 21 workers.
2024-01-04,WH_3,1038,50,1019.75,13.82,21.0,21.0,1.02,0.01,Adequate,Workforce capacity appears adequate. Plan approximately 21 workers.
2024-01-05,WH_3,1097,50,1035.2,36.56,22.0,21.0,1.06,0.04,Adequate,Workforce capacity appears adequate. Plan approximately 22 workers.
2024-01-06,WH_3,1101,50,1046.17,42.32,23.0,21.0,1.05,0.04,Adequate,Workforce capacity appears adequate. Plan approximately 23 workers.
2024-01-07,WH_3,1102,50,1054.14,44.02,23.0,22.0,1.05,0.04,Adequate,Workforce capacity appears adequate. Plan approximately 23 workers.
2024-01-08,WH_3,1021,50,1054.0,44.14,21.0,22.0,0.97,0.04,Adequate,Workforce capacity appears adequate. Plan approximately 21 workers.
2024-01-09,WH_3,1037,50,1058.43,39.87,21.0,22.0,0.98,0.04,Adequate,Workforce capacity appears adequate. Plan approximately 21 workers.
2024-01-10,WH_3,1013,50,1058.43,39.87,21.0,22.0,0.96,0.04,Adequate,Workforce capacity appears adequate. Plan approximately 21 workers.
2024-01-11,WH_3,1099,50,1067.14,41.31,22.0,22.0,1.03,0.04,Adequate,Workforce capacity appears adequate. Plan approximately 22 workers.
2024-01-12,WH_3,1125,50,1071.14,45.79,23.0,22.0,1.05,0.04,Adequate,Workforce capacity appears adequate. Plan approximately 23 workers.
2024-01-13,WH_3,1075,50,1067.43,43.98,22.0,22.0,1.01,0.04,Adequate,Workforce capacity appears adequate. Plan approximately 22 workers.
2024-01-14,WH_3,1023,50,1056.14,43.77,21.0,22.0,0.97,0.04,Adequate,Workforce capacity appears adequate. Plan approximately 21 workers.
2024-01-15,WH_3,1159,50,1075.86,54.95,24.0,22.0,1.08,0.05,Adequate,Workforce capacity appears adequate. Plan approximately 24 workers.
2024-01-16,WH_3,1163,50,1093.86,60.46,24.0,22.0,1.06,0.06,Adequate,Workforce capacity appears adequate. Plan approximately 24 workers.
2024-01-17,WH_3,1131,50,1110.71,49.64,23.0,23.0,1.02,0.04,Adequate,Workforce capacity appears adequate. Plan approximately 23 workers.
2024-01-18,WH_3,1193,50,1124.14,57.96,24.0,23.0,1.06,0.05,Adequate,Workforce capacity appears adequate. Plan approximately 24 workers.
2024-01-19,WH_3,1165,50,1129.86,60.0,24.0,23.0,1.03,0.05,Adequate,Workforce capacity appears adequate. Plan approximately 24 workers.
2024-01-20,WH_3,1169,50,1143.29,56.06,24.0,23.0,1.02,0.05,Adequate,Workforce capacity appears adequate. Plan approximately 24 workers.
2024-01-21,WH_3,1268,50,1178.29,43.53,26.0,24.0,1.08,0.04,Adequate,Workforce capacity appears adequate. Plan approximately 26 workers.
2024-01-22,WH_3,1175,50,1180.57,42.76,24.0,24.0,1.0,0.04,Adequate,Workforce capacity appears adequate. Plan approximately 24 workers.
2024-01-23,WH_3,1182,50,1183.29,42.06,24.0,24.0,1.0,0.04,Adequate,Workforce capacity appears adequate. Plan approximately 24 workers.
2024-01-24,WH_3,1160,50,1187.43,37.2,24.0,24.0,0.98,0.03,Adequate,Workforce capacity appears adequate. Plan approximately 24 workers.
2024-01-25,WH_3,1162,50,1183.0,38.25,24.0,24.0,0.98,0.03,Adequate,Workforce capacity appears adequate. Plan approximately 24 workers.
2024-01-26,WH_3,1199,50,1187.86,37.74,24.0,24.0,1.01,0.03,Adequate,Workforce capacity appears adequate. Plan approximately 24 workers.
2024-01-27,WH_3,1256,50,1200.29,44.26,26.0,25.0,1.05,0.04,Adequate,Workforce capacity appears adequate. Plan approximately 26 workers.
2024-01-28,WH_3,1251,50,1197.86,40.21,26.0,24.0,1.04,0.03,Adequate,Workforce capacity appears adequate. Plan approximately 26 workers.
2024-01-29,WH_3,1212,50,1203.14,39.12,25.0,25.0,1.01,0.03,Adequate,Workforce capacity appears adequate. Plan approximately 25 workers.
2024-01-30,WH_3,1290,50,1218.57,49.35,26.0,25.0,1.06,0.04,Adequate,Workforce capacity appears adequate. Plan approximately 26 workers.
2024-01-31,WH_3,1189,50,1222.71,44.6,24.0,25.0,0.97,0.04,Adequate,Workforce capacity appears adequate. Plan approximately 24 workers.
2024-02-01,WH_3,1305,50,1243.14,44.91,27.0,25.0,1.05,0.04,Adequate,Workforce capacity appears adequate. Plan approximately 27 workers.
2024-02-02,WH_3,1229,50,1247.43,41.27,25.0,25.0,0.99,0.03,Adequate,Workforce capacity appears adequate. Plan approximately 25 workers.
2024-02-03,WH_3,1239,50,1245.0,41.19,25.0,25.0,1.0,0.03,Adequate,Workforce capacity appears adequate. Plan approximately 25 workers.
2024-02-04,WH_3,1250,50,1244.86,41.16,25.0,25.0,1.0,0.03,Adequate,Workforce capacity appears adequate. Plan approximately 25 workers.
2024-02-05,WH_3,1312,50,1259.14,45.03,27.0,26.0,1.04,0.04,Adequate,Workforce capacity appears adequate. Plan approximately 27 workers.
2024-02-06,WH_3,1252,50,1253.71,42.93,26.0,26.0,1.0,0.03,Adequate,Workforce capacity appears adequate. Plan approximately 26 workers.
2024-02-07,WH_3,1344,50,1275.86,43.95,27.0,26.0,1.05,0.03,Adequate,Workforce capacity appears adequate. Plan approximately 27 workers.
2024-02-08,WH_3,1276,50,1271.71,42.07,26.0,26.0,1.0,0.03,Adequate,Workforce capacity appears adequate. Plan approximately 26 workers.
2024-02-09,WH_3,1319,50,1284.57,40.57,27.0,26.0,1.03,0.03,Adequate,Workforce capacity appears adequate. Plan approximately 27 workers.
2024-02-10,WH_3,1301,50,1293.43,35.4,27.0,26.0,1.01,0.03,Adequate,Workforce capacity appears adequate. Plan approximately 27 workers.
2024-02-11,WH_3,1295,50,1299.86,29.85,26.0,26.0,1.0,0.02,Adequate,Workforce capacity appears adequate. Plan approximately 26 workers.
2024-02-12,WH_3,1281,50,1295.43,30.05,26.0,26.0,0.99,0.02,Adequate,Workforce capacity appears adequate. Plan approximately 26 workers.
2024-02-13,WH_3,1322,50,1305.43,24.28,27.0,27.0,1.01,0.02,Adequate,Workforce capacity appears adequate. Plan approximately 27 workers.
2024-02-14,WH_3,1404,50,1314.0,43.31,29.0,27.0,1.07,0.03,Adequate,Workforce capacity appears adequate. Plan approximately 29 workers.
2024-02-15,WH_3,1400,50,1331.71,50.01,28.0,27.0,1.05,0.04,Adequate,Workforce capacity appears adequate. Plan approximately 28 workers.
2024-02-16,WH_3,1390,50,1341.86,54.04,28.0,27.0,1.04,0.04,Adequate,Workforce capacity appears adequate. Plan approximately 28 workers.
2024-02-17,WH_3,1388,50,1354.29,53.07,28.0,28.0,1.02,0.04,Adequate,Workforce capacity appears adequate. Plan approximately 28 workers.
2024-02-18,WH_3,1403,50,1369.71,48.47,29.0,28.0,1.02,0.04,Adequate,Workforce capacity appears adequate. Plan approximately 29 workers.
2024-02-19,WH_3,1377,50,1383.43,28.75,28.0,28.0,1.0,0.02,Adequate,Workforce capacity appears adequate. Plan approximately 28 workers.
2024-02-20,WH_3,1366,50,1389.71,14.22,28.0,28.0,0.98,0.01,Adequate,Workforce capacity appears adequate. Plan approximately 28 workers.
2024-02-21,WH_3,1430,50,1393.43,20.56,29.0,28.0,1.03,0.01,Adequate,Workforce capacity appears adequate. Plan approximately 29 workers.
2024-02-22,WH_3,1481,50,1405.0,39.21,30.0,29.0,1.05,0.03,Adequate,Workforce capacity appears adequate. Plan approximately 30 workers.
2024-02-23,WH_3,1406,50,1407.29,38.65,29.0,29.0,1.0,0.03,Adequate,Workforce capacity appears adequate. Plan approximately 29 workers.
2024-02-24,WH_3,1423,50,1412.29,38.0,29.0,29.0,1.01,0.03,Adequate,Workforce capacity appears adequate. Plan approximately 29 workers.
2024-02-25,WH_3,1388,50,1410.14,39.02,28.0,29.0,0.98,0.03,Adequate,Workforce capacity appears adequate. Plan approximately 28 workers.
2024-02-26,WH_3,1413,50,1415.29,36.19,29.0,29.0,1.0,0.03,Adequate,Workforce capacity appears adequate. Plan approximately 29 workers.
2024-02-27,WH_3,1430,50,1424.43,29.05,29.0,29.0,1.0,0.02,Adequate,Workforce capacity appears adequate. Plan approximately 29 workers.
2024-02-28,WH_3,1423,50,1423.43,28.94,29.0,29.0,1.0,0.02,Adequate,Workforce capacity appears adequate. Plan approximately 29 workers.
2024-02-29,WH_3,1570,50,1436.14,60.64,32.0,29.0,1.09,0.04,Adequate,Workforce capacity appears adequate. Plan approximately 32 workers.
2024-03-01,WH_3,1387,50,1433.43,62.61,28.0,29.0,0.97,0.04,Adequate,Workforce capacity appears adequate. Plan approximately 28 workers.
2024-03-02,WH_3,1442,50,1436.14,62.49,29.0,29.0,1.0,0.04,Adequate,Workforce capacity appears adequate. Plan approximately 29 workers.
2024-03-03,WH_3,1482,50,1449.57,60.49,30.0,29.0,1.02,0.04,Adequate,Workforce capacity appears adequate. Plan approximately 30 workers.
2024-03-04,WH_3,1547,50,1468.71,67.75,31.0,30.0,1.05,0.05,Adequate,Workforce capacity appears adequate. Plan approximately 31 workers.
2024-03-05,WH_3,1491,50,1477.43,65.84,30.0,30.0,1.01,0.04,Adequate,Workforce capacity appears adequate. Plan approximately 30 workers.
2024-03-06,WH_3,1516,50,1490.71,62.32,31.0,30.0,1.02,0.04,Adequate,Workforce capacity appears adequate. Plan approximately 31 workers.
2024-03-07,WH_3,1522,50,1483.86,54.26,31.0,30.0,1.03,0.04,Adequate,Workforce capacity appears adequate. Plan approximately 31 workers.
2024-03-08,WH_3,1438,50,1491.14,40.85,29.0,30.0,0.96,0.03,Adequate,Workforce capacity appears adequate. Plan approximately 29 workers.
2024-03-09,WH_3,1488,50,1497.71,34.89,30.0,30.0,0.99,0.02,Adequate,Workforce capacity appears adequate. Plan approximately 30 workers.
2024-03-10,WH_3,1545,50,1506.71,38.14,31.0,31.0,1.03,0.03,Adequate,Workforce capacity appears adequate. Plan approximately 31 workers.
2024-03-11,WH_3,1491,50,1498.71,33.92,30.0,30.0,0.99,0.02,Adequate,Workforce capacity appears adequate. Plan approximately 30 workers.
2024-03-12,WH_3,1500,50,1500.0,33.75,30.0,30.0,1.0,0.02,Adequate,Workforce capacity appears adequate. Plan approximately 30 workers.
2024-03-13,WH_3,1521,50,1500.71,34.19,31.0,31.0,1.01,0.02,Adequate,Workforce capacity appears adequate. Plan approximately 31 workers.
2024-03-14,WH_3,1519,50,1500.29,33.9,31.0,31.0,1.01,0.02,Adequate,Workforce capacity appears adequate. Plan approximately 31 workers.
2024-03-15,WH_3,1490,50,1507.71,21.35,30.0,31.0,0.99,0.01,Adequate,Workforce capacity appears adequate. Plan approximately 30 workers.
2024-03-16,WH_3,1495,50,1508.71,20.42,30.0,31.0,0.99,0.01,Adequate,Workforce capacity appears adequate. Plan approximately 30 workers.
2024-03-17,WH_3,1558,50,1510.57,24.46,32.0,31.0,1.03,0.02,Adequate,Workforce capacity appears adequate. Plan approximately 32 workers.
2024-03-18,WH_3,1501,50,1512.0,23.4,31.0,31.0,0.99,0.02,Adequate,Workforce capacity appears adequate. Plan approximately 31 workers.
2024-03-19,WH_3,1503,50,1512.43,23.17,31.0,31.0,0.99,0.02,Adequate,Workforce capacity appears adequate. Plan approximately 31 workers.
2024-03-20,WH_3,1454,50,1502.86,31.41,30.0,31.0,0.97,0.02,Adequate,Workforce capacity appears adequate. Plan approximately 30 workers.
2024-03-21,WH_3,1537,50,1505.43,33.61,31.0,31.0,1.02,0.02,Adequate,Workforce capacity appears adequate. Plan approximately 31 workers.
2024-03-22,WH_3,1563,50,1515.86,38.93,32.0,31.0,1.03,0.03,Adequate,Workforce capacity appears adequate. Plan approximately 32 workers.
2024-03-23,WH_3,1501,50,1516.71,38.46,31.0,31.0,0.99,0.03,Adequate,Workforce capacity appears adequate. Plan approximately 31 workers.
2024-03-24,WH_3,1515,50,1510.57,33.93,31.0,31.0,1.0,0.02,Adequate,Workforce capacity appears adequate. Plan approximately 31 workers.
2024-03-25,WH_3,1523,50,1513.71,33.92,31.0,31.0,1.01,0.02,Adequate,Workforce capacity appears adequate. Plan approximately 31 workers.
2024-03-26,WH_3,1534,50,1518.14,34.3,31.0,31.0,1.01,0.02,Adequate,Workforce capacity appears adequate. Plan approximately 31 workers.
2024-03-27,WH_3,1452,50,1517.86,34.93,30.0,31.0,0.96,0.02,Adequate,Workforce capacity appears adequate. Plan approximately 30 workers.
2024-03-28,WH_3,1467,50,1507.86,38.39,30.0,31.0,0.97,0.03,Adequate,Workforce capacity appears adequate. Plan approximately 30 workers.
2024-03-29,WH_3,1546,50,1505.43,34.67,31.0,31.0,1.03,0.02,Adequate,Workforce capacity appears adequate. Plan approximately 31 workers.
2024-03-30,WH_3,1525,50,1508.86,35.34,31.0,31.0,1.01,0.02,Adequate,Workforce capacity appears adequate. Plan approximately 31 workers.
2024-03-31,WH_3,1512,50,1508.43,35.27,31.0,31.0,1.0,0.02,Adequate,Workforce capacity appears adequate. Plan approximately 31 workers.
2024-04-01,WH_3,1497,50,1504.71,34.85,30.0,31.0,0.99,0.02,Adequate,Workforce capacity appears adequate. Plan approximately 30 workers.
2024-04-02,WH_3,1504,50,1500.43,32.41,31.0,31.0,1.0,0.02,Adequate,Workforce capacity appears adequate. Plan approximately 31 workers.
2024-04-03,WH_3,1428,50,1497.0,38.99,29.0,30.0,0.95,0.03,Adequate,Workforce capacity appears adequate. Plan approximately 29 workers.
2024-04-04,WH_3,1503,50,1502.14,36.68,31.0,31.0,1.0,0.02,Adequate,Workforce capacity appears adequate. Plan approximately 31 workers.
2024-04-05,WH_3,1586,50,1507.86,46.46,32.0,31.0,1.05,0.03,Adequate,Workforce capacity appears adequate. Plan approximately 32 workers.
2024-04-06,WH_3,1471,50,1500.14,47.61,30.0,31.0,0.98,0.03,Adequate,Workforce capacity appears adequate. Plan approximately 30 workers.
2024-04-07,WH_3,1523,50,1501.71,48.24,31.0,31.0,1.01,0.03,Adequate,Workforce capacity appears adequate. Plan approximately 31 workers.
2024-04-08,WH_3,1509,50,1503.43,48.26,31.0,31.0,1.0,0.03,Adequate,Workforce capacity appears adequate. Plan approximately 31 workers.
2024-04-09,WH_3,1486,50,1500.86,48.7,30.0,31.0,0.99,0.03,Adequate,Workforce capacity appears adequate. Plan approximately 30 workers.
2024-04-10,WH_3,1528,50,1515.14,37.04,31.0,31.0,1.01,0.02,Adequate,Workforce capacity appears adequate. Plan approximately 31 workers.
2024-04-11,WH_3,1505,50,1515.43,36.94,31.0,31.0,0.99,0.02,Adequate,Workforce capacity appears adequate. Plan approximately 31 workers.
2024-04-12,WH_3,1508,50,1504.29,19.96,31.0,31.0,1.0,0.01,Adequate,Workforce capacity appears adequate. Plan approximately 31 workers.
2024-04-13,WH_3,1502,50,1508.71,13.85,31.0,31.0,1.0,0.01,Adequate,Workforce capacity appears adequate. Plan approximately 31 workers.
2024-04-14,WH_3,1510,50,1506.86,12.42,31.0,31.0,1.0,0.01,Adequate,Workforce capacity appears adequate. Plan approximately 31 workers.
2024-04-15,WH_3,1498,50,1505.29,12.79,30.0,31.0,1.0,0.01,Adequate,Workforce capacity appears adequate. Plan approximately 30 workers.
2024-04-16,WH_3,1630,50,1525.86,46.91,33.0,31.0,1.07,0.03,Adequate,Workforce capacity appears adequate. Plan approximately 33 workers.
2024-04-17,WH_3,1519,50,1524.57,46.96,31.0,31.0,1.0,0.03,Adequate,Workforce capacity appears adequate. Plan approximately 31 workers.
2024-04-18,WH_3,1505,50,1524.57,46.96,31.0,31.0,0.99,0.03,Adequate,Workforce capacity appears adequate. Plan approximately 31 workers.
2024-04-19,WH_3,1422,50,1512.29,61.13,29.0,31.0,0.94,0.04,Adequate,Workforce capacity appears adequate. Plan approximately 29 workers.
2024-04-20,WH_3,1484,50,1509.71,62.01,30.0,31.0,0.98,0.04,Adequate,Workforce capacity appears adequate. Plan approximately 30 workers.
2024-04-21,WH_3,1446,50,1500.57,66.51,29.0,31.0,0.96,0.04,Adequate,Workforce capacity appears adequate. Plan approximately 29 workers.
2024-04-22,WH_3,1498,50,1500.57,66.51,30.0,31.0,1.0,0.04,Adequate,Workforce capacity appears adequate. Plan approximately 30 workers.
2024-04-23,WH_3,1498,50,1481.71,34.9,30.0,30.0,1.01,0.02,Adequate,Workforce capacity appears adequate. Plan approximately 30 workers.
2024-04-24,WH_3,1481,50,1476.29,30.86,30.0,30.0,1.0,0.02,Adequate,Workforce capacity appears adequate. Plan approximately 30 workers.
2024-04-25,WH_3,1443,50,1467.43,30.13,29.0,30.0,0.98,0.02,Adequate,Workforce capacity appears adequate. Plan approximately 29 workers.
2024-04-26,WH_3,1504,50,1479.14,25.04,31.0,30.0,1.02,0.02,Adequate,Workforce capacity appears adequate. Plan approximately 31 workers.
2024-04-27,WH_3,1491,50,1480.14,25.4,30.0,30.0,1.01,0.02,Adequate,Workforce capacity appears adequate. Plan approximately 30 workers.
2024-04-28,WH_3,1473,50,1484.0,21.02,30.0,30.0,0.99,0.01,Adequate,Workforce capacity appears adequate. Plan approximately 30 workers.
2024-04-29,WH_3,1402,50,1470.29,36.2,29.0,30.0,0.95,0.02,Adequate,Workforce capacity appears adequate. Plan approximately 29 workers.
2024-04-30,WH_3,1613,50,1486.71,65.29,33.0,30.0,1.08,0.04,Adequate,Workforce capacity appears adequate. Plan approximately 33 workers.
2024-05-01,WH_3,1450,50,1482.29,66.77,29.0,30.0,0.98,0.05,Adequate,Workforce capacity appears adequate. Plan approximately 29 workers.
2024-05-02,WH_3,1405,50,1476.86,71.85,29.0,30.0,0.95,0.05,Adequate,Workforce capacity appears adequate. Plan approximately 29 workers.
2024-05-03,WH_3,1366,50,1457.14,81.45,28.0,30.0,0.94,0.06,Adequate,Workforce capacity appears adequate. Plan approximately 28 workers.
2024-05-04,WH_3,1381,50,1441.43,84.39,28.0,29.0,0.96,0.06,Adequate,Workforce capacity appears adequate. Plan approximately 28 workers.
2024-05-05,WH_3,1364,50,1425.86,87.59,28.0,29.0,0.96,0.06,Adequate,Workforce capacity appears adequate. Plan approximately 28 workers.
2024-05-06,WH_3,1460,50,1434.14,87.7,30.0,29.0,1.02,0.06,Adequate,Workforce capacity appears adequate. Plan approximately 30 workers.
2024-05-07,WH_3,1414,50,1405.71,38.53,29.0,29.0,1.01,0.03,Adequate,Workforce capacity appears adequate. Plan approximately 29 workers.
2024-05-08,WH_3,1405,50,1399.29,33.31,29.0,28.0,1.0,0.02,Adequate,Workforce capacity appears adequate. Plan approximately 29 workers.
2024-05-09,WH_3,1450,50,1405.71,38.53,29.0,29.0,1.03,0.03,Adequate,Workforce capacity appears adequate. Plan approximately 29 workers.
2024-05-10,WH_3,1487,50,1423.0,44.43,30.0,29.0,1.04,0.03,Adequate,Workforce capacity appears adequate. Plan approximately 30 workers.
2024-05-11,WH_3,1456,50,1433.71,41.56,30.0,29.0,1.02,0.03,Adequate,Workforce capacity appears adequate. Plan approximately 30 workers.
2024-05-12,WH_3,1387,50,1437.0,35.62,28.0,29.0,0.97,0.02,Adequate,Workforce capacity appears adequate. Plan approximately 28 workers.
2024-05-13,WH_3,1350,50,1421.29,46.41,27.0,29.0,0.95,0.03,Adequate,Workforce capacity appears adequate. Plan approximately 27 workers.
2024-05-14,WH_3,1398,50,1419.0,47.22,28.0,29.0,0.99,0.03,Adequate,Workforce capacity appears adequate. Plan approximately 28 workers.
2024-05-15,WH_3,1407,50,1419.29,47.12,29.0,29.0,0.99,0.03,Adequate,Workforce capacity appears adequate. Plan approximately 29 workers.
2024-05-16,WH_3,1343,50,1404.0,52.54,27.0,29.0,0.96,0.04,Adequate,Workforce capacity appears adequate. Plan approximately 27 workers.
2024-05-17,WH_3,1358,50,1385.57,39.61,28.0,28.0,0.98,0.03,Adequate,Workforce capacity appears adequate. Plan approximately 28 workers.
2024-05-18,WH_3,1418,50,1380.14,29.72,29.0,28.0,1.03,0.02,Adequate,Workforce capacity appears adequate. Plan approximately 29 workers.
2024-05-19,WH_3,1420,50,1384.86,33.38,29.0,28.0,1.03,0.02,Adequate,Workforce capacity appears adequate. Plan approximately 29 workers.
2024-05-20,WH_3,1371,50,1387.86,30.55,28.0,28.0,0.99,0.02,Adequate,Workforce capacity appears adequate. Plan approximately 28 workers.
2024-05-21,WH_3,1291,50,1372.57,46.98,26.0,28.0,0.94,0.03,Adequate,Workforce capacity appears adequate. Plan approximately 26 workers.
2024-05-22,WH_3,1330,50,1361.57,46.59,27.0,28.0,0.98,0.03,Adequate,Workforce capacity appears adequate. Plan approximately 27 workers.
2024-05-23,WH_3,1256,50,1349.14,61.56,26.0,27.0,0.93,0.05,Adequate,Workforce capacity appears adequate. Plan approximately 26 workers.
2024-05-24,WH_3,1270,50,1336.57,68.09,26.0,27.0,0.95,0.05,Adequate,Workforce capacity appears adequate. Plan approximately 26 workers.
2024-05-25,WH_3,1318,50,1322.29,57.89,27.0,27.0,1.0,0.04,Adequate,Workforce capacity appears adequate. Plan approximately 27 workers.
2024-05-26,WH_3,1293,50,1304.14,38.97,26.0,27.0,0.99,0.03,Adequate,Workforce capacity appears adequate. Plan approximately 26 workers.
2024-05-27,WH_3,1349,50,1301.0,33.13,27.0,27.0,1.04,0.03,Adequate,Workforce capacity appears adequate. Plan approximately 27 workers.
2024-05-28,WH_3,1376,50,1313.14,42.97,28.0,27.0,1.05,0.03,Adequate,Workforce capacity appears adequate. Plan approximately 28 workers.
2024-05-29,WH_3,1307,50,1309.86,42.34,27.0,27.0,1.0,0.03,Adequate,Workforce capacity appears adequate. Plan approximately 27 workers.
2024-05-30,WH_3,1246,50,1308.43,44.57,25.0,27.0,0.95,0.03,Adequate,Workforce capacity appears adequate. Plan approximately 25 workers.
2024-05-31,WH_3,1330,50,1317.0,41.62,27.0,27.0,1.01,0.03,Adequate,Workforce capacity appears adequate. Plan approximately 27 workers.
2024-06-01,WH_3,1291,50,1313.14,42.75,26.0,27.0,0.98,0.03,Adequate,Workforce capacity appears adequate. Plan approximately 26 workers.
2024-06-02,WH_3,1219,50,1302.57,55.73,25.0,27.0,0.94,0.04,Adequate,Workforce capacity appears adequate. Plan approximately 25 workers.
2024-06-03,WH_3,1272,50,1291.57,52.55,26.0,26.0,0.98,0.04,Adequate,Workforce capacity appears adequate. Plan approximately 26 workers.
2024-06-04,WH_3,1236,50,1271.57,40.27,25.0,26.0,0.97,0.03,Adequate,Workforce capacity appears adequate. Plan approximately 25 workers.
2024-06-05,WH_3,1236,50,1261.43,38.77,25.0,26.0,0.98,0.03,Adequate,Workforce capacity appears adequate. Plan approximately 25 workers.
2024-06-06,WH_3,1204,50,1255.43,44.4,25.0,26.0,0.96,0.04,Adequate,Workforce capacity appears adequate. Plan approximately 25 workers.
2024-06-07,WH_3,1157,50,1230.71,44.12,24.0,25.0,0.94,0.04,Adequate,Workforce capacity appears adequate. Plan approximately 24 workers.
2024-06-08,WH_3,1233,50,1222.43,35.52,25.0,25.0,1.01,0.03,Adequate,Workforce capacity appears adequate. Plan approximately 25 workers.
2024-06-09,WH_3,1234,50,1224.57,35.73,25.0,25.0,1.01,0.03,Adequate,Workforce capacity appears adequate. Plan approximately 25 workers.
2024-06-10,WH_3,1231,50,1218.71,29.47,25.0,25.0,1.01,0.02,Adequate,Workforce capacity appears adequate. Plan approximately 25 workers.
2024-06-11,WH_3,1197,50,1213.14,29.35,24.0,25.0,0.99,0.02,Adequate,Workforce capacity appears adequate. Plan approximately 24 workers.
2024-06-12,WH_3,1193,50,1207.0,28.24,24.0,25.0,0.99,0.02,Adequate,Workforce capacity appears adequate. Plan approximately 24 workers.
2024-06-13,WH_3,1187,50,1204.57,29.26,24.0,25.0,0.99,0.02,Adequate,Workforce capacity appears adequate. Plan approximately 24 workers.
2024-06-14,WH_3,1143,50,1202.57,33.26,23.0,25.0,0.95,0.03,Adequate,Workforce capacity appears adequate. Plan approximately 23 workers.
2024-06-15,WH_3,1112,50,1185.29,44.39,23.0,24.0,0.94,0.04,Adequate,Workforce capacity appears adequate. Plan approximately 23 workers.
2024-06-16,WH_3,1128,50,1170.14,43.06,23.0,24.0,0.96,0.04,Adequate,Workforce capacity appears adequate. Plan approximately 23 workers.
2024-06-17,WH_3,1151,50,1158.71,33.85,24.0,24.0,0.99,0.03,Adequate,Workforce capacity appears adequate. Plan approximately 24 workers.
2024-06-18,WH_3,1144,50,1151.14,29.5,23.0,24.0,0.99,0.03,Adequate,Workforce capacity appears adequate. Plan approximately 23 workers.
2024-06-19,WH_3,1127,50,1141.71,23.91,23.0,23.0,0.99,0.02,Adequate,Workforce capacity appears adequate. Plan approximately 23 workers.
2024-06-20,WH_3,1117,50,1131.71,14.67,23.0,23.0,0.99,0.01,Adequate,Workforce capacity appears adequate. Plan approximately 23 workers.
2024-06-21,WH_3,1120,50,1128.43,14.29,23.0,23.0,0.99,0.01,Adequate,Workforce capacity appears adequate. Plan approximately 23 workers.
2024-06-22,WH_3,1100,50,1126.71,17.05,22.0,23.0,0.98,0.02,Adequate,Workforce capacity appears adequate. Plan approximately 22 workers.
2024-06-23,WH_3,1047,50,1115.14,34.54,21.0,23.0,0.94,0.03,Adequate,Workforce capacity appears adequate. Plan approximately 21 workers.
2024-06-24,WH_3,1065,50,1102.86,34.95,22.0,23.0,0.97,0.03,Adequate,Workforce capacity appears adequate. Plan approximately 22 workers.
2024-06-25,WH_3,958,50,1076.29,60.11,20.0,22.0,0.89,0.06,Adequate,Workforce capacity appears adequate. Plan approximately 20 workers.
2024-06-26,WH_3,1030,50,1062.43,57.6,21.0,22.0,0.97,0.05,Adequate,Workforce capacity appears adequate. Plan approximately 21 workers.
2024-06-27,WH_3,1037,50,1051.0,52.69,21.0,22.0,0.99,0.05,Adequate,Workforce capacity appears adequate. Plan approximately 21 workers.
2024-06-28,WH_3,1019,50,1036.57,43.71,21.0,21.0,0.98,0.04,Adequate,Workforce capacity appears adequate. Plan approximately 21 workers.
2024-06-29,WH_3,996,50,1021.71,35.46,20.0,21.0,0.97,0.03,Adequate,Workforce capacity appears adequate. Plan approximately 20 workers.
2024-06-30,WH_3,998,50,1014.71,34.46,20.0,21.0,0.98,0.03,Adequate,Workforce capacity appears adequate. Plan approximately 20 workers.
2024-07-01,WH_3,1106,50,1020.57,45.98,23.0,21.0,1.08,0.05,Adequate,Workforce capacity appears adequate. Plan approximately 23 workers.
2024-07-02,WH_3,977,50,1023.29,42.07,20.0,21.0,0.95,0.04,Adequate,Workforce capacity appears adequate. Plan approximately 20 workers.
2024-07-03,WH_3,1026,50,1022.71,41.99,21.0,21.0,1.0,0.04,Adequate,Workforce capacity appears adequate. Plan approximately 21 workers.
2024-07-04,WH_3,990,50,1016.0,43.07,20.0,21.0,0.97,0.04,Adequate,Workforce capacity appears adequate. Plan approximately 20 workers.
2024-07-05,WH_3,997,50,1012.86,43.61,20.0,21.0,0.98,0.04,Adequate,Workforce capacity appears adequate. Plan approximately 20 workers.
2024-07-06,WH_3,1005,50,1014.14,43.16,21.0,21.0,0.99,0.04,Adequate,Workforce capacity appears adequate. Plan approximately 21 workers.
2024-07-07,WH_3,920,50,1003.0,56.14,19.0,21.0,0.92,0.06,Adequate,Workforce capacity appears adequate. Plan approximately 19 workers.
2024-07-08,WH_3,944,50,979.86,36.59,19.0,20.0,0.96,0.04,Adequate,Workforce capacity appears adequate. Plan approximately 19 workers.
2024-07-09,WH_3,897,50,968.43,48.27,18.0,20.0,0.93,0.05,Adequate,Workforce capacity appears adequate. Plan approximately 18 workers.
2024-07-10,WH_3,934,50,955.29,42.11,19.0,20.0,0.98,0.04,Adequate,Workforce capacity appears adequate. Plan approximately 19 workers.
2024-07-11,WH_3,861,50,936.86,51.55,18.0,19.0,0.92,0.06,Adequate,Workforce capacity appears adequate. Plan approximately 18 workers.
2024-07-12,WH_3,921,50,926.0,44.26,19.0,19.0,0.99,0.05,Adequate,Workforce capacity appears adequate. Plan approximately 19 workers.
2024-07-13,WH_3,896,50,910.43,28.04,18.0,19.0,0.98,0.03,Adequate,Workforce capacity appears adequate. Plan approximately 18 workers.
2024-07-14,WH_3,885,50,905.43,29.15,18.0,19.0,0.98,0.03,Adequate,Workforce capacity appears adequate. Plan approximately 18 workers.
2024-07-15,WH_3,943,50,905.29,28.93,19.0,19.0,1.04,0.03,Adequate,Workforce capacity appears adequate. Plan approximately 19 workers.
2024-07-16,WH_3,850,50,898.57,35.81,17.0,18.0,0.95,0.04,Adequate,Workforce capacity appears adequate. Plan approximately 17 workers.
2024-07-17,WH_3,821,50,882.43,42.09,17.0,18.0,0.93,0.05,Adequate,Workforce capacity appears adequate. Plan approximately 17 workers.
2024-07-18,WH_3,876,50,884.57,41.19,18.0,18.0,0.99,0.05,Adequate,Workforce capacity appears adequate. Plan approximately 18 workers.
2024-07-19,WH_3,858,50,875.57,38.72,18.0,18.0,0.98,0.04,Adequate,Workforce capacity appears adequate. Plan approximately 18 workers.
2024-07-20,WH_3,854,50,869.57,38.27,18.0,18.0,0.98,0.04,Adequate,Workforce capacity appears adequate. Plan approximately 18 workers.
2024-07-21,WH_3,780,50,854.57,50.0,16.0,18.0,0.91,0.06,Adequate,Workforce capacity appears adequate. Plan approximately 16 workers.
2024-07-22,WH_3,804,50,834.71,34.1,17.0,17.0,0.96,0.04,Adequate,Workforce capacity appears adequate. Plan approximately 17 workers.
2024-07-23,WH_3,802,50,827.86,35.32,17.0,17.0,0.97,0.04,Adequate,Workforce capacity appears adequate. Plan approximately 17 workers.
2024-07-24,WH_3,814,50,826.86,35.64,17.0,17.0,0.98,0.04,Adequate,Workforce capacity appears adequate. Plan approximately 17 workers.
2024-07-25,WH_3,700,50,801.71,53.03,14.0,17.0,0.87,0.07,Adequate,Workforce capacity appears adequate. Plan approximately 14 workers.
2024-07-26,WH_3,731,50,783.57,52.29,15.0,16.0,0.93,0.07,Adequate,Workforce capacity appears adequate. Plan approximately 15 workers.
2024-07-27,WH_3,735,50,766.57,44.31,15.0,16.0,0.96,0.06,Adequate,Workforce capacity appears adequate. Plan approximately 15 workers.
2024-07-28,WH_3,732,50,759.71,45.58,15.0,16.0,0.96,0.06,Adequate,Workforce capacity appears adequate. Plan approximately 15 workers.
2024-07-29,WH_3,748,50,751.71,41.22,15.0,16.0,1.0,0.05,Adequate,Workforce capacity appears adequate. Plan approximately 15 workers.
2024-07-30,WH_3,790,50,750.0,38.97,16.0,15.0,1.05,0.05,Adequate,Workforce capacity appears adequate. Plan approximately 16 workers.
2024-07-31,WH_3,798,50,747.71,34.84,16.0,15.0,1.07,0.05,Adequate,Workforce capacity appears adequate. Plan approximately 16 workers.
2024-08-01,WH_3,718,50,750.29,31.2,15.0,16.0,0.96,0.04,Adequate,Workforce capacity appears adequate. Plan approximately 15 workers.
2024-08-02,WH_3,747,50,752.57,30.12,15.0,16.0,0.99,0.04,Adequate,Workforce capacity appears adequate. Plan approximately 15 workers.
2024-08-03,WH_3,757,50,755.71,29.11,16.0,16.0,1.0,0.04,Adequate,Workforce capacity appears adequate. Plan approximately 16 workers.
2024-08-04,WH_3,624,50,740.29,58.03,13.0,15.0,0.84,0.08,Underutilized,Demand is below recent average. Review workforce utilization.
2024-08-05,WH_3,669,50,729.0,63.69,14.0,15.0,0.92,0.09,Adequate,Workforce capacity appears adequate. Plan approximately 14 workers.
2024-08-06,WH_3,694,50,715.29,58.49,14.0,15.0,0.97,0.08,Adequate,Workforce capacity appears adequate. Plan approximately 14 workers.
2024-08-07,WH_3,663,50,696.0,47.98,14.0,14.0,0.95,0.07,Adequate,Workforce capacity appears adequate. Plan approximately 14 workers.
2024-08-08,WH_3,653,50,686.71,49.28,14.0,14.0,0.95,0.07,Adequate,Workforce capacity appears adequate. Plan approximately 14 workers.
2024-08-09,WH_3,674,50,676.29,41.51,14.0,14.0,1.0,0.06,Adequate,Workforce capacity appears adequate. Plan approximately 14 workers.
2024-08-10,WH_3,664,50,663.0,21.37,14.0,14.0,1.0,0.03,Adequate,Workforce capacity appears adequate. Plan approximately 14 workers.
2024-08-11,WH_3,679,50,670.86,13.18,14.0,14.0,1.01,0.02,Adequate,Workforce capacity appears adequate. Plan approximately 14 workers.
2024-08-12,WH_3,626,50,664.71,21.55,13.0,14.0,0.94,0.03,Adequate,Workforce capacity appears adequate. Plan approximately 13 workers.
2024-08-13,WH_3,648,50,658.14,17.83,13.0,14.0,0.98,0.03,Adequate,Workforce capacity appears adequate. Plan approximately 13 workers.
2024-08-14,WH_3,608,50,650.29,25.71,13.0,14.0,0.93,0.04,Adequate,Workforce capacity appears adequate. Plan approximately 13 workers.
2024-08-15,WH_3,579,50,639.71,37.1,12.0,13.0,0.91,0.06,Adequate,Workforce capacity appears adequate. Plan approximately 12 workers.
2024-08-16,WH_3,642,50,635.14,34.01,13.0,13.0,1.01,0.05,Adequate,Workforce capacity appears adequate. Plan approximately 13 workers.
2024-08-17,WH_3,615,50,628.14,32.07,13.0,13.0,0.98,0.05,Adequate,Workforce capacity appears adequate. Plan approximately 13 workers.
2024-08-18,WH_3,589,50,615.29,25.69,12.0,13.0,0.96,0.04,Adequate,Workforce capacity appears adequate. Plan approximately 12 workers.
2024-08-19,WH_3,615,50,613.71,25.26,13.0,13.0,1.0,0.04,Adequate,Workforce capacity appears adequate. Plan approximately 13 workers.
2024-08-20,WH_3,581,50,604.14,22.66,12.0,13.0,0.96,0.04,Adequate,Workforce capacity appears adequate. Plan approximately 12 workers.
2024-08-21,WH_3,610,50,604.43,22.73,13.0,13.0,1.01,0.04,Adequate,Workforce capacity appears adequate. Plan approximately 13 workers.
2024-08-22,WH_3,635,50,612.43,22.13,13.0,13.0,1.04,0.04,Adequate,Workforce capacity appears adequate. Plan approximately 13 workers.
2024-08-23,WH_3,677,50,617.43,31.78,14.0,13.0,1.1,0.05,Adequate,Workforce capacity appears adequate. Plan approximately 14 workers.
2024-08-24,WH_3,555,50,608.86,39.66,12.0,13.0,0.91,0.07,Adequate,Workforce capacity appears adequate. Plan approximately 12 workers.
2024-08-25,WH_3,595,50,609.71,39.22,12.0,13.0,0.98,0.06,Adequate,Workforce capacity appears adequate. Plan approximately 12 workers.
2024-08-26,WH_3,509,50,594.57,54.37,11.0,12.0,0.86,0.09,Adequate,Workforce capacity appears adequate. Plan approximately 11 workers.
2024-08-27,WH_3,534,50,587.86,59.03,11.0,12.0,0.91,0.1,Adequate,Workforce capacity appears adequate. Plan approximately 11 workers.
2024-08-28,WH_3,561,50,580.86,58.87,12.0,12.0,0.97,0.1,Adequate,Workforce capacity appears adequate. Plan approximately 12 workers.
2024-08-29,WH_3,587,50,574.0,54.12,12.0,12.0,1.02,0.09,Adequate,Workforce capacity appears adequate. Plan approximately 12 workers.
2024-08-30,WH_3,572,50,559.0,29.98,12.0,12.0,1.02,0.05,Adequate,Workforce capacity appears adequate. Plan approximately 12 workers.
2024-08-31,WH_3,555,50,559.0,29.98,12.0,12.0,0.99,0.05,Adequate,Workforce capacity appears adequate. Plan approximately 12 workers.
2024-09-01,WH_3,493,50,544.43,34.08,10.0,11.0,0.91,0.06,Adequate,Workforce capacity appears adequate. Plan approximately 10 workers.
2024-09-02,WH_3,512,50,544.86,33.57,11.0,11.0,0.94,0.06,Adequate,Workforce capacity appears adequate. Plan approximately 11 workers.
2024-09-03,WH_3,536,50,545.14,33.47,11.0,11.0,0.98,0.06,Adequate,Workforce capacity appears adequate. Plan approximately 11 workers.
2024-09-04,WH_3,509,50,537.71,35.1,11.0,11.0,0.95,0.07,Adequate,Workforce capacity appears adequate. Plan approximately 11 workers.
2024-09-05,WH_3,504,50,525.86,29.2,11.0,11.0,0.96,0.06,Adequate,Workforce capacity appears adequate. Plan approximately 11 workers.
2024-09-06,WH_3,497,50,515.14,22.42,10.0,11.0,0.96,0.04,Adequate,Workforce capacity appears adequate. Plan approximately 10 workers.
2024-09-07,WH_3,530,50,511.57,16.11,11.0,11.0,1.04,0.03,Adequate,Workforce capacity appears adequate. Plan approximately 11 workers.
2024-09-08,WH_3,577,50,523.57,27.34,12.0,11.0,1.1,0.05,Monitor,Workload is above recent average. Monitor staffing and consider 12 workers.
2024-09-09,WH_3,540,50,527.57,27.42,11.0,11.0,1.02,0.05,Adequate,Workforce capacity appears adequate. Plan approximately 11 workers.
2024-09-10,WH_3,537,50,527.71,27.47,11.0,11.0,1.02,0.05,Adequate,Workforce capacity appears adequate. Plan approximately 11 workers.
2024-09-11,WH_3,543,50,532.57,26.6,11.0,11.0,1.02,0.05,Adequate,Workforce capacity appears adequate. Plan approximately 11 workers.
2024-09-12,WH_3,457,50,525.86,38.35,10.0,11.0,0.87,0.07,Adequate,Workforce capacity appears adequate. Plan approximately 10 workers.
2024-09-13,WH_3,493,50,525.29,38.88,10.0,11.0,0.94,0.07,Adequate,Workforce capacity appears adequate. Plan approximately 10 workers.
2024-09-14,WH_3,492,50,519.86,40.72,10.0,11.0,0.95,0.08,Adequate,Workforce capacity appears adequate. Plan approximately 10 workers.
2024-09-15,WH_3,478,50,505.71,34.24,10.0,11.0,0.95,0.07,Adequate,Workforce capacity appears adequate. Plan approximately 10 workers.
2024-09-16,WH_3,548,50,506.86,35.68,11.0,11.0,1.08,0.07,Adequate,Workforce capacity appears adequate. Plan approximately 11 workers.
2024-09-17,WH_3,501,50,501.71,33.11,11.0,11.0,1.0,0.07,Adequate,Workforce capacity appears adequate. Plan approximately 11 workers.
2024-09-18,WH_3,449,50,488.29,32.64,9.0,10.0,0.92,0.07,Adequate,Workforce capacity appears adequate. Plan approximately 9 workers.
2024-09-19,WH_3,535,50,499.43,33.48,11.0,10.0,1.07,0.07,Adequate,Workforce capacity appears adequate. Plan approximately 11 workers.
2024-09-20,WH_3,418,50,488.71,45.66,9.0,10.0,0.86,0.09,Adequate,Workforce capacity appears adequate. Plan approximately 9 workers.
2024-09-21,WH_3,499,50,489.71,45.82,10.0,10.0,1.02,0.09,Adequate,Workforce capacity appears adequate. Plan approximately 10 workers.
2024-09-22,WH_3,512,50,494.57,46.18,11.0,10.0,1.04,0.09,Adequate,Workforce capacity appears adequate. Plan approximately 11 workers.
2024-09-23,WH_3,490,50,486.29,39.75,10.0,10.0,1.01,0.08,Adequate,Workforce capacity appears adequate. Plan approximately 10 workers.
2024-09-24,WH_3,465,50,481.14,39.86,10.0,10.0,0.97,0.08,Adequate,Workforce capacity appears adequate. Plan approximately 10 workers.
2024-09-25,WH_3,510,50,489.86,38.29,11.0,10.0,1.04,0.08,Adequate,Workforce capacity appears adequate. Plan approximately 11 workers.
2024-09-26,WH_3,497,50,484.43,33.18,10.0,10.0,1.03,0.07,Adequate,Workforce capacity appears adequate. Plan approximately 10 workers.
2024-09-27,WH_3,513,50,498.0,16.93,11.0,10.0,1.03,0.03,Adequate,Workforce capacity appears adequate. Plan approximately 11 workers.
2024-09-28,WH_3,449,50,490.86,25.04,9.0,10.0,0.91,0.05,Adequate,Workforce capacity appears adequate. Plan approximately 9 workers.
2024-09-29,WH_3,506,50,490.0,24.29,11.0,10.0,1.03,0.05,Adequate,Workforce capacity appears adequate. Plan approximately 11 workers.
2024-09-30,WH_3,467,50,486.71,25.8,10.0,10.0,0.96,0.05,Adequate,Workforce capacity appears adequate. Plan approximately 10 workers.
2024-10-01,WH_3,512,50,493.43,25.32,11.0,10.0,1.04,0.05,Adequate,Workforce capacity appears adequate. Plan approximately 11 workers.
2024-10-02,WH_3,427,50,481.57,34.16,9.0,10.0,0.89,0.07,Adequate,Workforce capacity appears adequate. Plan approximately 9 workers.
2024-10-03,WH_3,457,50,475.86,34.49,10.0,10.0,0.96,0.07,Adequate,Workforce capacity appears adequate. Plan approximately 10 workers.
2024-10-04,WH_3,505,50,474.71,33.16,11.0,10.0,1.06,0.07,Adequate,Workforce capacity appears adequate. Plan approximately 11 workers.
2024-10-05,WH_3,498,50,481.71,31.98,10.0,10.0,1.03,0.07,Adequate,Workforce capacity appears adequate. Plan approximately 10 workers.
2024-10-06,WH_3,398,50,466.29,42.6,8.0,10.0,0.85,0.09,Adequate,Workforce capacity appears adequate. Plan approximately 8 workers.
2024-10-07,WH_3,494,50,470.14,43.88,10.0,10.0,1.05,0.09,Adequate,Workforce capacity appears adequate. Plan approximately 10 workers.
2024-10-08,WH_3,544,50,474.71,50.18,11.0,10.0,1.15,0.11,Monitor,Workload is above recent average. Monitor staffing and consider 11 workers.
2024-10-09,WH_3,509,50,486.43,46.63,11.0,10.0,1.05,0.1,Adequate,Workforce capacity appears adequate. Plan approximately 11 workers.
2024-10-10,WH_3,460,50,486.86,46.33,10.0,10.0,0.94,0.1,Adequate,Workforce capacity appears adequate. Plan approximately 10 workers.
2024-10-11,WH_3,518,50,488.71,47.42,11.0,10.0,1.06,0.1,Adequate,Workforce capacity appears adequate. Plan approximately 11 workers.
2024-10-12,WH_3,502,50,489.29,47.58,11.0,10.0,1.03,0.1,Adequate,Workforce capacity appears adequate. Plan approximately 11 workers.
2024-10-13,WH_3,548,50,510.71,30.23,11.0,11.0,1.07,0.06,Adequate,Workforce capacity appears adequate. Plan approximately 11 workers.
2024-10-14,WH_3,569,50,521.43,36.05,12.0,11.0,1.09,0.07,Adequate,Workforce capacity appears adequate. Plan approximately 12 workers.
2024-10-15,WH_3,461,50,509.57,40.73,10.0,11.0,0.9,0.08,Adequate,Workforce capacity appears adequate. Plan approximately 10 workers.
2024-10-16,WH_3,531,50,512.71,41.52,11.0,11.0,1.04,0.08,Adequate,Workforce capacity appears adequate. Plan approximately 11 workers.
2024-10-17,WH_3,558,50,526.71,37.07,12.0,11.0,1.06,0.07,Adequate,Workforce capacity appears adequate. Plan approximately 12 workers.
2024-10-18,WH_3,480,50,521.29,41.12,10.0,11.0,0.92,0.08,Adequate,Workforce capacity appears adequate. Plan approximately 10 workers.
2024-10-19,WH_3,562,50,529.86,42.65,12.0,11.0,1.06,0.08,Adequate,Workforce capacity appears adequate. Plan approximately 12 workers.
2024-10-20,WH_3,539,50,528.57,42.15,11.0,11.0,1.02,0.08,Adequate,Workforce capacity appears adequate. Plan approximately 11 workers.
2024-10-21,WH_3,589,50,531.43,45.86,12.0,11.0,1.11,0.09,Monitor,Workload is above recent average. Monitor staffing and consider 12 workers.
2024-10-22,WH_3,506,50,537.86,36.55,11.0,11.0,0.94,0.07,Adequate,Workforce capacity appears adequate. Plan approximately 11 workers.
2024-10-23,WH_3,547,50,540.14,36.55,11.0,11.0,1.01,0.07,Adequate,Workforce capacity appears adequate. Plan approximately 11 workers.
2024-10-24,WH_3,530,50,536.14,35.79,11.0,11.0,0.99,0.07,Adequate,Workforce capacity appears adequate. Plan approximately 11 workers.
2024-10-25,WH_3,527,50,542.86,26.78,11.0,11.0,0.97,0.05,Adequate,Workforce capacity appears adequate. Plan approximately 11 workers.
2024-10-26,WH_3,517,50,536.43,26.82,11.0,11.0,0.96,0.05,Adequate,Workforce capacity appears adequate. Plan approximately 11 workers.
2024-10-27,WH_3,586,50,543.14,32.79,12.0,11.0,1.08,0.06,Adequate,Workforce capacity appears adequate. Plan approximately 12 workers.
2024-10-28,WH_3,577,50,541.43,30.2,12.0,11.0,1.07,0.06,Adequate,Workforce capacity appears adequate. Plan approximately 12 workers.
2024-10-29,WH_3,512,50,542.29,29.1,11.0,11.0,0.94,0.05,Adequate,Workforce capacity appears adequate. Plan approximately 11 workers.
2024-10-30,WH_3,523,50,538.86,29.85,11.0,11.0,0.97,0.06,Adequate,Workforce capacity appears adequate. Plan approximately 11 workers.
2024-10-31,WH_3,577,50,545.57,32.68,12.0,11.0,1.06,0.06,Adequate,Workforce capacity appears adequate. Plan approximately 12 workers.
2024-11-01,WH_3,561,50,550.43,31.98,12.0,12.0,1.02,0.06,Adequate,Workforce capacity appears adequate. Plan approximately 12 workers.
2024-11-02,WH_3,540,50,553.71,29.02,11.0,12.0,0.98,0.05,Adequate,Workforce capacity appears adequate. Plan approximately 11 workers.
2024-11-03,WH_3,535,50,546.43,25.78,11.0,11.0,0.98,0.05,Adequate,Workforce capacity appears adequate. Plan approximately 11 workers.
2024-11-04,WH_3,558,50,543.71,22.86,12.0,11.0,1.03,0.04,Adequate,Workforce capacity appears adequate. Plan approximately 12 workers.
2024-11-05,WH_3,542,50,548.0,18.28,11.0,11.0,0.99,0.03,Adequate,Workforce capacity appears adequate. Plan approximately 11 workers.
2024-11-06,WH_3,573,50,555.14,16.57,12.0,12.0,1.03,0.03,Adequate,Workforce capacity appears adequate. Plan approximately 12 workers.
2024-11-07,WH_3,619,50,561.14,28.85,13.0,12.0,1.1,0.05,Monitor,Workload is above recent average. Monitor staffing and consider 13 workers.
2024-11-08,WH_3,636,50,571.86,40.4,13.0,12.0,1.11,0.07,Monitor,Workload is above recent average. Monitor staffing and consider 13 workers.
2024-11-09,WH_3,638,50,585.86,44.31,13.0,12.0,1.09,0.08,Adequate,Workforce capacity appears adequate. Plan approximately 13 workers.
2024-11-10,WH_3,636,50,600.29,41.34,13.0,13.0,1.06,0.07,Adequate,Workforce capacity appears adequate. Plan approximately 13 workers.
2024-11-11,WH_3,640,50,612.0,38.91,13.0,13.0,1.05,0.06,Adequate,Workforce capacity appears adequate. Plan approximately 13 workers.
2024-11-12,WH_3,566,50,615.43,32.19,12.0,13.0,0.92,0.05,Adequate,Workforce capacity appears adequate. Plan approximately 12 workers.
2024-11-13,WH_3,601,50,619.43,27.42,13.0,13.0,0.97,0.04,Adequate,Workforce capacity appears adequate. Plan approximately 13 workers.
2024-11-14,WH_3,658,50,625.0,31.04,14.0,13.0,1.05,0.05,Adequate,Workforce capacity appears adequate. Plan approximately 14 workers.
2024-11-15,WH_3,698,50,633.86,41.72,14.0,13.0,1.1,0.07,Monitor,Workload is above recent average. Monitor staffing and consider 14 workers.
2024-11-16,WH_3,677,50,639.43,44.85,14.0,13.0,1.06,0.07,Adequate,Workforce capacity appears adequate. Plan approximately 14 workers.
2024-11-17,WH_3,652,50,641.71,45.05,14.0,13.0,1.02,0.07,Adequate,Workforce capacity appears adequate. Plan approximately 14 workers.
2024-11-18,WH_3,668,50,645.71,46.1,14.0,13.0,1.03,0.07,Adequate,Workforce capacity appears adequate. Plan approximately 14 workers.
2024-11-19,WH_3,701,50,665.0,33.79,15.0,14.0,1.05,0.05,Adequate,Workforce capacity appears adequate. Plan approximately 15 workers.
2024-11-20,WH_3,654,50,672.57,20.31,14.0,14.0,0.97,0.03,Adequate,Workforce capacity appears adequate. Plan approximately 14 workers.
2024-11-21,WH_3,699,50,678.43,21.3,14.0,14.0,1.03,0.03,Adequate,Workforce capacity appears adequate. Plan approximately 14 workers.
2024-11-22,WH_3,740,50,684.43,31.3,15.0,14.0,1.08,0.05,Adequate,Workforce capacity appears adequate. Plan approximately 15 workers.
2024-11-23,WH_3,746,50,694.29,38.59,15.0,14.0,1.07,0.06,Adequate,Workforce capacity appears adequate. Plan approximately 15 workers.
2024-11-24,WH_3,689,50,699.57,34.1,14.0,14.0,0.98,0.05,Adequate,Workforce capacity appears adequate. Plan approximately 14 workers.
2024-11-25,WH_3,717,50,706.57,31.47,15.0,15.0,1.01,0.04,Adequate,Workforce capacity appears adequate. Plan approximately 15 workers.
2024-11-26,WH_3,697,50,706.0,31.62,14.0,15.0,0.99,0.04,Adequate,Workforce capacity appears adequate. Plan approximately 14 workers.
2024-11-27,WH_3,673,50,708.71,26.87,14.0,15.0,0.95,0.04,Adequate,Workforce capacity appears adequate. Plan approximately 14 workers.
2024-11-28,WH_3,738,50,714.29,28.52,15.0,15.0,1.03,0.04,Adequate,Workforce capacity appears adequate. Plan approximately 15 workers.
2024-11-29,WH_3,768,50,718.29,34.14,16.0,15.0,1.07,0.05,Adequate,Workforce capacity appears adequate. Plan approximately 16 workers.
2024-11-30,WH_3,795,50,725.29,44.28,16.0,15.0,1.1,0.06,Adequate,Workforce capacity appears adequate. Plan approximately 16 workers.
2024-12-01,WH_3,742,50,732.86,41.49,15.0,15.0,1.01,0.06,Adequate,Workforce capacity appears adequate. Plan approximately 15 workers.
2024-12-02,WH_3,725,50,734.0,41.09,15.0,15.0,0.99,0.06,Adequate,Workforce capacity appears adequate. Plan approximately 15 workers.
2024-12-03,WH_3,820,50,751.57,48.29,17.0,16.0,1.09,0.06,Adequate,Workforce capacity appears adequate. Plan approximately 17 workers.
2024-12-04,WH_3,843,50,775.86,44.82,17.0,16.0,1.09,0.06,Adequate,Workforce capacity appears adequate. Plan approximately 17 workers.
2024-12-05,WH_3,773,50,780.86,41.73,16.0,16.0,0.99,0.05,Adequate,Workforce capacity appears adequate. Plan approximately 16 workers.
2024-12-06,WH_3,776,50,782.0,41.43,16.0,16.0,0.99,0.05,Adequate,Workforce capacity appears adequate. Plan approximately 16 workers.
2024-12-07,WH_3,815,50,784.86,43.13,17.0,16.0,1.04,0.05,Adequate,Workforce capacity appears adequate. Plan approximately 17 workers.
2024-12-08,WH_3,825,50,796.71,40.73,17.0,16.0,1.04,0.05,Adequate,Workforce capacity appears adequate. Plan approximately 17 workers.
2024-12-09,WH_3,849,50,814.43,29.85,17.0,17.0,1.04,0.04,Adequate,Workforce capacity appears adequate. Plan approximately 17 workers.
2024-12-10,WH_3,862,50,820.43,34.95,18.0,17.0,1.05,0.04,Adequate,Workforce capacity appears adequate. Plan approximately 18 workers.
2024-12-11,WH_3,836,50,819.43,34.29,17.0,17.0,1.02,0.04,Adequate,Workforce capacity appears adequate. Plan approximately 17 workers.
2024-12-12,WH_3,797,50,822.86,29.77,16.0,17.0,0.97,0.04,Adequate,Workforce capacity appears adequate. Plan approximately 16 workers.
2024-12-13,WH_3,904,50,841.14,35.04,19.0,17.0,1.07,0.04,Adequate,Workforce capacity appears adequate. Plan approximately 19 workers.
2024-12-14,WH_3,867,50,848.57,34.07,18.0,17.0,1.02,0.04,Adequate,Workforce capacity appears adequate. Plan approximately 18 workers.
2024-12-15,WH_3,916,50,861.57,40.36,19.0,18.0,1.06,0.05,Adequate,Workforce capacity appears adequate. Plan approximately 19 workers.
2024-12-16,WH_3,888,50,867.14,41.02,18.0,18.0,1.02,0.05,Adequate,Workforce capacity appears adequate. Plan approximately 18 workers.
2024-12-17,WH_3,945,50,879.0,50.25,19.0,18.0,1.08,0.06,Adequate,Workforce capacity appears adequate. Plan approximately 19 workers.
2024-12-18,WH_3,864,50,883.0,47.28,18.0,18.0,0.98,0.05,Adequate,Workforce capacity appears adequate. Plan approximately 18 workers.
2024-12-19,WH_3,907,50,898.71,28.47,19.0,18.0,1.01,0.03,Adequate,Workforce capacity appears adequate. Plan approximately 19 workers.
2024-12-20,WH_3,893,50,897.14,28.43,18.0,18.0,1.0,0.03,Adequate,Workforce capacity appears adequate. Plan approximately 18 workers.
2024-12-21,WH_3,940,50,907.57,28.92,19.0,19.0,1.04,0.03,Adequate,Workforce capacity appears adequate. Plan approximately 19 workers.
2024-12-22,WH_3,854,50,898.71,34.8,18.0,18.0,0.95,0.04,Adequate,Workforce capacity appears adequate. Plan approximately 18 workers.
2024-12-23,WH_3,889,50,898.86,34.75,18.0,18.0,0.99,0.04,Adequate,Workforce capacity appears adequate. Plan approximately 18 workers.
2024-12-24,WH_3,959,50,900.86,38.09,20.0,19.0,1.06,0.04,Adequate,Workforce capacity appears adequate. Plan approximately 20 workers.
2024-12-25,WH_3,980,50,917.43,44.14,20.0,19.0,1.07,0.05,Adequate,Workforce capacity appears adequate. Plan approximately 20 workers.
2024-12-26,WH_3,911,50,918.0,44.01,19.0,19.0,0.99,0.05,Adequate,Workforce capacity appears adequate. Plan approximately 19 workers.
2024-12-27,WH_3,941,50,924.86,43.2,19.0,19.0,1.02,0.05,Adequate,Workforce capacity appears adequate. Plan approximately 19 workers.
2024-12-28,WH_3,959,50,927.57,44.87,20.0,19.0,1.03,0.05,Adequate,Workforce capacity appears adequate. Plan approximately 20 workers.
2024-12-29,WH_3,943,50,940.29,31.02,19.0,19.0,1.0,0.03,Adequate,Workforce capacity appears adequate. Plan approximately 19 workers.
2024-12-30,WH_3,1039,50,961.71,40.15,21.0,20.0,1.08,0.04,Adequate,Workforce capacity appears adequate. Plan approximately 21 workers.
2024-01-01,WH_4,1004,50,1004.0,0.0,21.0,21.0,1.0,0.0,Adequate,Workforce capacity appears adequate. Plan approximately 21 workers.
2024-01-02,WH_4,944,50,974.0,42.43,19.0,20.0,0.97,0.04,Adequate,Workforce capacity appears adequate. Plan approximately 19 workers.
2024-01-03,WH_4,1072,50,1006.67,64.04,22.0,21.0,1.06,0.06,Adequate,Workforce capacity appears adequate. Plan approximately 22 workers.
2024-01-04,WH_4,1070,50,1022.5,61.13,22.0,21.0,1.05,0.06,Adequate,Workforce capacity appears adequate. Plan approximately 22 workers.
2024-01-05,WH_4,1014,50,1020.8,53.08,21.0,21.0,0.99,0.05,Adequate,Workforce capacity appears adequate. Plan approximately 21 workers.
2024-01-06,WH_4,1021,50,1020.83,47.47,21.0,21.0,1.0,0.05,Adequate,Workforce capacity appears adequate. Plan approximately 21 workers.
2024-01-07,WH_4,1146,50,1038.71,64.16,23.0,21.0,1.1,0.06,Monitor,Workload is above recent average. Monitor staffing and consider 23 workers.
2024-01-08,WH_4,1105,50,1053.14,66.37,23.0,22.0,1.05,0.06,Adequate,Workforce capacity appears adequate. Plan approximately 23 workers.
2024-01-09,WH_4,1145,50,1081.86,53.51,23.0,22.0,1.06,0.05,Adequate,Workforce capacity appears adequate. Plan approximately 23 workers.
2024-01-10,WH_4,1115,50,1088.0,54.65,23.0,22.0,1.02,0.05,Adequate,Workforce capacity appears adequate. Plan approximately 23 workers.
2024-01-11,WH_4,1086,50,1090.29,54.1,22.0,22.0,1.0,0.05,Adequate,Workforce capacity appears adequate. Plan approximately 22 workers.
2024-01-12,WH_4,1123,50,1105.86,43.04,23.0,23.0,1.02,0.04,Adequate,Workforce capacity appears adequate. Plan approximately 23 workers.
2024-01-13,WH_4,1129,50,1121.29,21.55,23.0,23.0,1.01,0.02,Adequate,Workforce capacity appears adequate. Plan approximately 23 workers.
2024-01-14,WH_4,1145,50,1121.14,21.36,23.0,23.0,1.02,0.02,Adequate,Workforce capacity appears adequate. Plan approximately 23 workers.
2024-01-15,WH_4,1139,50,1126.0,20.94,23.0,23.0,1.01,0.02,Adequate,Workforce capacity appears adequate. Plan approximately 23 workers.
2024-01-16,WH_4,1063,50,1114.29,29.66,22.0,23.0,0.95,0.03,Adequate,Workforce capacity appears adequate. Plan approximately 22 workers.
2024-01-17,WH_4,1131,50,1116.57,30.33,23.0,23.0,1.01,0.03,Adequate,Workforce capacity appears adequate. Plan approximately 23 workers.
2024-01-18,WH_4,1133,50,1123.29,27.51,23.0,23.0,1.01,0.02,Adequate,Workforce capacity appears adequate. Plan approximately 23 workers.
2024-01-19,WH_4,1208,50,1135.43,42.2,25.0,23.0,1.06,0.04,Adequate,Workforce capacity appears adequate. Plan approximately 25 workers.
2024-01-20,WH_4,1190,50,1144.14,46.71,24.0,23.0,1.04,0.04,Adequate,Workforce capacity appears adequate. Plan approximately 24 workers.
2024-01-21,WH_4,1219,50,1154.71,54.63,25.0,24.0,1.06,0.05,Adequate,Workforce capacity appears adequate. Plan approximately 25 workers.
2024-01-22,WH_4,1163,50,1158.14,54.24,24.0,24.0,1.0,0.05,Adequate,Workforce capacity appears adequate. Plan approximately 24 workers.
2024-01-23,WH_4,1222,50,1180.86,38.86,25.0,24.0,1.03,0.03,Adequate,Workforce capacity appears adequate. Plan approximately 25 workers.
2024-01-24,WH_4,1299,50,1204.86,52.44,26.0,25.0,1.08,0.04,Adequate,Workforce capacity appears adequate. Plan approximately 26 workers.
2024-01-25,WH_4,1190,50,1213.0,43.0,24.0,25.0,0.98,0.04,Adequate,Workforce capacity appears adequate. Plan approximately 24 workers.
2024-01-26,WH_4,1239,50,1217.43,43.99,25.0,25.0,1.02,0.04,Adequate,Workforce capacity appears adequate. Plan approximately 25 workers.
2024-01-27,WH_4,1244,50,1225.14,43.1,25.0,25.0,1.02,0.04,Adequate,Workforce capacity appears adequate. Plan approximately 25 workers.
2024-01-28,WH_4,1255,50,1230.29,44.38,26.0,25.0,1.02,0.04,Adequate,Workforce capacity appears adequate. Plan approximately 26 workers.
2024-01-29,WH_4,1254,50,1243.29,33.34,26.0,25.0,1.01,0.03,Adequate,Workforce capacity appears adequate. Plan approximately 26 workers.
2024-01-30,WH_4,1301,50,1254.57,37.98,27.0,26.0,1.04,0.03,Adequate,Workforce capacity appears adequate. Plan approximately 27 workers.
2024-01-31,WH_4,1257,50,1248.57,32.75,26.0,25.0,1.01,0.03,Adequate,Workforce capacity appears adequate. Plan approximately 26 workers.
2024-02-01,WH_4,1262,50,1258.86,20.18,26.0,26.0,1.0,0.02,Adequate,Workforce capacity appears adequate. Plan approximately 26 workers.
2024-02-02,WH_4,1275,50,1264.0,18.81,26.0,26.0,1.01,0.01,Adequate,Workforce capacity appears adequate. Plan approximately 26 workers.
2024-02-03,WH_4,1310,50,1273.43,23.16,27.0,26.0,1.03,0.02,Adequate,Workforce capacity appears adequate. Plan approximately 27 workers.
2024-02-04,WH_4,1316,50,1282.14,26.33,27.0,26.0,1.03,0.02,Adequate,Workforce capacity appears adequate. Plan approximately 27 workers.
2024-02-05,WH_4,1228,50,1278.43,32.15,25.0,26.0,0.96,0.03,Adequate,Workforce capacity appears adequate. Plan approximately 25 workers.
2024-02-06,WH_4,1340,50,1284.0,39.3,27.0,26.0,1.04,0.03,Adequate,Workforce capacity appears adequate. Plan approximately 27 workers.
2024-02-07,WH_4,1260,50,1284.43,38.97,26.0,26.0,0.98,0.03,Adequate,Workforce capacity appears adequate. Plan approximately 26 workers.
2024-02-08,WH_4,1357,50,1298.0,45.8,28.0,26.0,1.05,0.04,Adequate,Workforce capacity appears adequate. Plan approximately 28 workers.
2024-02-09,WH_4,1308,50,1302.71,44.72,27.0,27.0,1.0,0.03,Adequate,Workforce capacity appears adequate. Plan approximately 27 workers.
2024-02-10,WH_4,1340,50,1307.0,46.92,27.0,27.0,1.03,0.04,Adequate,Workforce capacity appears adequate. Plan approximately 27 workers.
2024-02-11,WH_4,1314,50,1306.71,46.86,27.0,27.0,1.01,0.04,Adequate,Workforce capacity appears adequate. Plan approximately 27 workers.
2024-02-12,WH_4,1400,50,1331.29,43.7,28.0,27.0,1.05,0.03,Adequate,Workforce capacity appears adequate. Plan approximately 28 workers.
2024-02-13,WH_4,1426,50,1343.57,56.71,29.0,27.0,1.06,0.04,Adequate,Workforce capacity appears adequate. Plan approximately 29 workers.
2024-02-14,WH_4,1400,50,1363.57,46.0,28.0,28.0,1.03,0.03,Adequate,Workforce capacity appears adequate. Plan approximately 28 workers.
2024-02-15,WH_4,1318,50,1358.0,49.18,27.0,28.0,0.97,0.04,Adequate,Workforce capacity appears adequate. Plan approximately 27 workers.
2024-02-16,WH_4,1345,50,1363.29,44.69,27.0,28.0,0.99,0.03,Adequate,Workforce capacity appears adequate. Plan approximately 27 workers.
2024-02-17,WH_4,1348,50,1364.43,44.1,27.0,28.0,0.99,0.03,Adequate,Workforce capacity appears adequate. Plan approximately 27 workers.
2024-02-18,WH_4,1412,50,1378.43,40.86,29.0,28.0,1.02,0.03,Adequate,Workforce capacity appears adequate. Plan approximately 29 workers.
2024-02-19,WH_4,1389,50,1376.86,40.09,28.0,28.0,1.01,0.03,Adequate,Workforce capacity appears adequate. Plan approximately 28 workers.
2024-02-20,WH_4,1383,50,1370.71,34.16,28.0,28.0,1.01,0.02,Adequate,Workforce capacity appears adequate. Plan approximately 28 workers.
2024-02-21,WH_4,1412,50,1372.43,36.12,29.0,28.0,1.03,0.03,Adequate,Workforce capacity appears adequate. Plan approximately 29 workers.
2024-02-22,WH_4,1396,50,1383.57,27.55,28.0,28.0,1.01,0.02,Adequate,Workforce capacity appears adequate. Plan approximately 28 workers.
2024-02-23,WH_4,1442,50,1397.43,29.26,29.0,28.0,1.03,0.02,Adequate,Workforce capacity appears adequate. Plan approximately 29 workers.
2024-02-24,WH_4,1444,50,1411.14,24.31,29.0,29.0,1.02,0.02,Adequate,Workforce capacity appears adequate. Plan approximately 29 workers.
2024-02-25,WH_4,1421,50,1412.43,24.6,29.0,29.0,1.01,0.02,Adequate,Workforce capacity appears adequate. Plan approximately 29 workers.
2024-02-26,WH_4,1388,50,1412.29,24.76,28.0,29.0,0.98,0.02,Adequate,Workforce capacity appears adequate. Plan approximately 28 workers.
2024-02-27,WH_4,1410,50,1416.14,21.29,29.0,29.0,1.0,0.02,Adequate,Workforce capacity appears adequate. Plan approximately 29 workers.
2024-02-28,WH_4,1439,50,1420.0,22.81,29.0,29.0,1.01,0.02,Adequate,Workforce capacity appears adequate. Plan approximately 29 workers.
2024-02-29,WH_4,1473,50,1431.0,27.41,30.0,29.0,1.03,0.02,Adequate,Workforce capacity appears adequate. Plan approximately 30 workers.
2024-03-01,WH_4,1477,50,1436.0,32.48,30.0,29.0,1.03,0.02,Adequate,Workforce capacity appears adequate. Plan approximately 30 workers.
2024-03-02,WH_4,1464,50,1438.86,34.13,30.0,29.0,1.02,0.02,Adequate,Workforce capacity appears adequate. Plan approximately 30 workers.
2024-03-03,WH_4,1473,50,1446.29,35.24,30.0,29.0,1.02,0.02,Adequate,Workforce capacity appears adequate. Plan approximately 30 workers.
2024-03-04,WH_4,1486,50,1460.29,26.64,30.0,30.0,1.02,0.02,Adequate,Workforce capacity appears adequate. Plan approximately 30 workers.
2024-03-05,WH_4,1486,50,1471.14,16.16,30.0,30.0,1.01,0.01,Adequate,Workforce capacity appears adequate. Plan approximately 30 workers.
2024-03-06,WH_4,1483,50,1477.43,8.14,30.0,30.0,1.0,0.01,Adequate,Workforce capacity appears adequate. Plan approximately 30 workers.
2024-03-07,WH_4,1445,50,1473.43,14.82,29.0,30.0,0.98,0.01,Adequate,Workforce capacity appears adequate. Plan approximately 29 workers.
2024-03-08,WH_4,1479,50,1473.71,14.92,30.0,30.0,1.0,0.01,Adequate,Workforce capacity appears adequate. Plan approximately 30 workers.
2024-03-09,WH_4,1419,50,1467.29,25.64,29.0,30.0,0.97,0.02,Adequate,Workforce capacity appears adequate. Plan approximately 29 workers.
2024-03-10,WH_4,1452,50,1464.29,26.09,30.0,30.0,0.99,0.02,Adequate,Workforce capacity appears adequate. Plan approximately 30 workers.
2024-03-11,WH_4,1545,50,1472.71,40.06,31.0,30.0,1.05,0.03,Adequate,Workforce capacity appears adequate. Plan approximately 31 workers.
2024-03-12,WH_4,1477,50,1471.43,39.71,30.0,30.0,1.0,0.03,Adequate,Workforce capacity appears adequate. Plan approximately 30 workers.
2024-03-13,WH_4,1508,50,1475.0,41.98,31.0,30.0,1.02,0.03,Adequate,Workforce capacity appears adequate. Plan approximately 31 workers.
2024-03-14,WH_4,1441,50,1474.43,42.48,29.0,30.0,0.98,0.03,Adequate,Workforce capacity appears adequate. Plan approximately 29 workers.
2024-03-15,WH_4,1505,50,1478.14,44.05,31.0,30.0,1.02,0.03,Adequate,Workforce capacity appears adequate. Plan approximately 31 workers.
2024-03-16,WH_4,1533,50,1494.43,39.37,31.0,30.0,1.03,0.03,Adequate,Workforce capacity appears adequate. Plan approximately 31 workers.
2024-03-17,WH_4,1519,50,1504.0,35.27,31.0,31.0,1.01,0.02,Adequate,Workforce capacity appears adequate. Plan approximately 31 workers.
2024-03-18,WH_4,1429,50,1487.43,39.76,29.0,30.0,0.96,0.03,Adequate,Workforce capacity appears adequate. Plan approximately 29 workers.
2024-03-19,WH_4,1536,50,1495.86,43.28,31.0,30.0,1.03,0.03,Adequate,Workforce capacity appears adequate. Plan approximately 31 workers.
2024-03-20,WH_4,1483,50,1492.29,43.14,30.0,30.0,0.99,0.03,Adequate,Workforce capacity appears adequate. Plan approximately 30 workers.
2024-03-21,WH_4,1481,50,1498.0,37.49,30.0,30.0,0.99,0.03,Adequate,Workforce capacity appears adequate. Plan approximately 30 workers.
2024-03-22,WH_4,1445,50,1489.43,42.19,29.0,30.0,0.97,0.03,Adequate,Workforce capacity appears adequate. Plan approximately 29 workers.
2024-03-23,WH_4,1547,50,1491.43,44.85,31.0,30.0,1.04,0.03,Adequate,Workforce capacity appears adequate. Plan approximately 31 workers.
2024-03-24,WH_4,1517,50,1491.14,44.65,31.0,30.0,1.02,0.03,Adequate,Workforce capacity appears adequate. Plan approximately 31 workers.
2024-03-25,WH_4,1563,50,1510.29,42.22,32.0,31.0,1.03,0.03,Adequate,Workforce capacity appears adequate. Plan approximately 32 workers.
2024-03-26,WH_4,1574,50,1515.71,48.11,32.0,31.0,1.04,0.03,Adequate,Workforce capacity appears adequate. Plan approximately 32 workers.
2024-03-27,WH_4,1487,50,1516.29,47.68,30.0,31.0,0.98,0.03,Adequate,Workforce capacity appears adequate. Plan approximately 30 workers.
2024-03-28,WH_4,1532,50,1523.57,45.22,31.0,31.0,1.01,0.03,Adequate,Workforce capacity appears adequate. Plan approximately 31 workers.
2024-03-29,WH_4,1517,50,1533.86,30.0,31.0,31.0,0.99,0.02,Adequate,Workforce capacity appears adequate. Plan approximately 31 workers.
2024-03-30,WH_4,1484,50,1524.86,34.51,30.0,31.0,0.97,0.02,Adequate,Workforce capacity appears adequate. Plan approximately 30 workers.
2024-03-31,WH_4,1522,50,1525.57,34.37,31.0,31.0,1.0,0.02,Adequate,Workforce capacity appears adequate. Plan approximately 31 workers.
2024-04-01,WH_4,1515,50,1518.71,30.2,31.0,31.0,1.0,0.02,Adequate,Workforce capacity appears adequate. Plan approximately 31 workers.
2024-04-02,WH_4,1600,50,1522.43,38.57,32.0,31.0,1.05,0.03,Adequate,Workforce capacity appears adequate. Plan approximately 32 workers.
2024-04-03,WH_4,1578,50,1535.43,39.95,32.0,31.0,1.03,0.03,Adequate,Workforce capacity appears adequate. Plan approximately 32 workers.
2024-04-04,WH_4,1526,50,1534.57,40.1,31.0,31.0,0.99,0.03,Adequate,Workforce capacity appears adequate. Plan approximately 31 workers.
2024-04-05,WH_4,1471,50,1528.0,46.69,30.0,31.0,0.96,0.03,Adequate,Workforce capacity appears adequate. Plan approximately 30 workers.
2024-04-06,WH_4,1476,50,1526.86,48.02,30.0,31.0,0.97,0.03,Adequate,Workforce capacity appears adequate. Plan approximately 30 workers.
2024-04-07,WH_4,1584,50,1535.71,52.49,32.0,31.0,1.03,0.03,Adequate,Workforce capacity appears adequate. Plan approximately 32 workers.
2024-04-08,WH_4,1484,50,1531.29,55.73,30.0,31.0,0.97,0.04,Adequate,Workforce capacity appears adequate. Plan approximately 30 workers.
2024-04-09,WH_4,1489,50,1515.43,48.21,30.0,31.0,0.98,0.03,Adequate,Workforce capacity appears adequate. Plan approximately 30 workers.
2024-04-10,WH_4,1471,50,1500.14,41.57,30.0,31.0,0.98,0.03,Adequate,Workforce capacity appears adequate. Plan approximately 30 workers.
2024-04-11,WH_4,1444,50,1488.43,44.52,29.0,30.0,0.97,0.03,Adequate,Workforce capacity appears adequate. Plan approximately 29 workers.
2024-04-12,WH_4,1455,50,1486.14,45.95,30.0,30.0,0.98,0.03,Adequate,Workforce capacity appears adequate. Plan approximately 30 workers.
2024-04-13,WH_4,1566,50,1499.0,54.44,32.0,30.0,1.04,0.04,Adequate,Workforce capacity appears adequate. Plan approximately 32 workers.
2024-04-14,WH_4,1499,50,1486.86,39.85,30.0,30.0,1.01,0.03,Adequate,Workforce capacity appears adequate. Plan approximately 30 workers.
2024-04-15,WH_4,1488,50,1487.43,39.83,30.0,30.0,1.0,0.03,Adequate,Workforce capacity appears adequate. Plan approximately 30 workers.
2024-04-16,WH_4,1540,50,1494.71,44.55,31.0,30.0,1.03,0.03,Adequate,Workforce capacity appears adequate. Plan approximately 31 workers.
2024-04-17,WH_4,1457,50,1492.71,46.08,30.0,30.0,0.98,0.03,Adequate,Workforce capacity appears adequate. Plan approximately 30 workers.
2024-04-18,WH_4,1507,50,1501.71,40.83,31.0,31.0,1.0,0.03,Adequate,Workforce capacity appears adequate. Plan approximately 31 workers.
2024-04-19,WH_4,1469,50,1503.71,38.43,30.0,31.0,0.98,0.03,Adequate,Workforce capacity appears adequate. Plan approximately 30 workers.
2024-04-20,WH_4,1459,50,1488.43,29.85,30.0,30.0,0.98,0.02,Adequate,Workforce capacity appears adequate. Plan approximately 30 workers.
2024-04-21,WH_4,1475,50,1485.0,29.82,30.0,30.0,0.99,0.02,Adequate,Workforce capacity appears adequate. Plan approximately 30 workers.
2024-04-22,WH_4,1464,50,1481.57,30.78,30.0,30.0,0.99,0.02,Adequate,Workforce capacity appears adequate. Plan approximately 30 workers.
2024-04-23,WH_4,1542,50,1481.86,31.41,31.0,30.0,1.04,0.02,Adequate,Workforce capacity appears adequate. Plan approximately 31 workers.
2024-04-24,WH_4,1499,50,1487.86,29.85,30.0,30.0,1.01,0.02,Adequate,Workforce capacity appears adequate. Plan approximately 30 workers.
2024-04-25,WH_4,1490,50,1485.43,28.7,30.0,30.0,1.0,0.02,Adequate,Workforce capacity appears adequate. Plan approximately 30 workers.
2024-04-26,WH_4,1405,50,1476.29,41.94,29.0,30.0,0.95,0.03,Adequate,Workforce capacity appears adequate. Plan approximately 29 workers.
2024-04-27,WH_4,1448,50,1474.71,42.89,29.0,30.0,0.98,0.03,Adequate,Workforce capacity appears adequate. Plan approximately 29 workers.
2024-04-28,WH_4,1453,50,1471.57,43.67,30.0,30.0,0.99,0.03,Adequate,Workforce capacity appears adequate. Plan approximately 30 workers.
2024-04-29,WH_4,1510,50,1478.14,45.75,31.0,30.0,1.02,0.03,Adequate,Workforce capacity appears adequate. Plan approximately 31 workers.
2024-04-30,WH_4,1431,50,1462.29,38.61,29.0,30.0,0.98,0.03,Adequate,Workforce capacity appears adequate. Plan approximately 29 workers.
2024-05-01,WH_4,1447,50,1454.86,35.22,29.0,30.0,0.99,0.02,Adequate,Workforce capacity appears adequate. Plan approximately 29 workers.
2024-05-02,WH_4,1428,50,1446.0,32.61,29.0,29.0,0.99,0.02,Adequate,Workforce capacity appears adequate. Plan approximately 29 workers.
2024-05-03,WH_4,1436,50,1450.43,27.87,29.0,30.0,0.99,0.02,Adequate,Workforce capacity appears adequate. Plan approximately 29 workers.
2024-05-04,WH_4,1405,50,1444.29,32.8,29.0,29.0,0.97,0.02,Adequate,Workforce capacity appears adequate. Plan approximately 29 workers.
2024-05-05,WH_4,1391,50,1435.43,38.01,28.0,29.0,0.97,0.03,Adequate,Workforce capacity appears adequate. Plan approximately 28 workers.
2024-05-06,WH_4,1468,50,1429.43,25.55,30.0,29.0,1.03,0.02,Adequate,Workforce capacity appears adequate. Plan approximately 30 workers.
2024-05-07,WH_4,1378,50,1421.86,32.04,28.0,29.0,0.97,0.02,Adequate,Workforce capacity appears adequate. Plan approximately 28 workers.
2024-05-08,WH_4,1402,50,1415.43,30.64,29.0,29.0,0.99,0.02,Adequate,Workforce capacity appears adequate. Plan approximately 29 workers.
2024-05-09,WH_4,1385,50,1409.29,31.98,28.0,29.0,0.98,0.02,Adequate,Workforce capacity appears adequate. Plan approximately 28 workers.
2024-05-10,WH_4,1387,50,1402.29,30.48,28.0,29.0,0.99,0.02,Adequate,Workforce capacity appears adequate. Plan approximately 28 workers.
2024-05-11,WH_4,1418,50,1404.14,31.07,29.0,29.0,1.01,0.02,Adequate,Workforce capacity appears adequate. Plan approximately 29 workers.
2024-05-12,WH_4,1373,50,1401.57,33.02,28.0,29.0,0.98,0.02,Adequate,Workforce capacity appears adequate. Plan approximately 28 workers.
2024-05-13,WH_4,1332,50,1382.14,26.85,27.0,28.0,0.96,0.02,Adequate,Workforce capacity appears adequate. Plan approximately 27 workers.
2024-05-14,WH_4,1310,50,1372.43,38.41,27.0,28.0,0.95,0.03,Adequate,Workforce capacity appears adequate. Plan approximately 27 workers.
2024-05-15,WH_4,1371,50,1368.0,36.16,28.0,28.0,1.0,0.03,Adequate,Workforce capacity appears adequate. Plan approximately 28 workers.
2024-05-16,WH_4,1322,50,1359.0,38.95,27.0,28.0,0.97,0.03,Adequate,Workforce capacity appears adequate. Plan approximately 27 workers.
2024-05-17,WH_4,1374,50,1357.14,37.68,28.0,28.0,1.01,0.03,Adequate,Workforce capacity appears adequate. Plan approximately 28 workers.
2024-05-18,WH_4,1324,50,1343.71,27.85,27.0,27.0,0.99,0.02,Adequate,Workforce capacity appears adequate. Plan approximately 27 workers.
2024-05-19,WH_4,1332,50,1337.86,24.81,27.0,27.0,1.0,0.02,Adequate,Workforce capacity appears adequate. Plan approximately 27 workers.
2024-05-20,WH_4,1351,50,1340.57,25.1,28.0,27.0,1.01,0.02,Adequate,Workforce capacity appears adequate. Plan approximately 28 workers.
2024-05-21,WH_4,1375,50,1349.86,23.9,28.0,27.0,1.02,0.02,Adequate,Workforce capacity appears adequate. Plan approximately 28 workers.
2024-05-22,WH_4,1261,50,1334.14,39.04,26.0,27.0,0.95,0.03,Adequate,Workforce capacity appears adequate. Plan approximately 26 workers.
2024-05-23,WH_4,1382,50,1342.71,42.38,28.0,27.0,1.03,0.03,Adequate,Workforce capacity appears adequate. Plan approximately 28 workers.
2024-05-24,WH_4,1302,50,1332.43,42.26,27.0,27.0,0.98,0.03,Adequate,Workforce capacity appears adequate. Plan approximately 27 workers.
2024-05-25,WH_4,1222,50,1317.86,59.65,25.0,27.0,0.93,0.05,Adequate,Workforce capacity appears adequate. Plan approximately 25 workers.
2024-05-26,WH_4,1319,50,1316.0,59.34,27.0,27.0,1.0,0.05,Adequate,Workforce capacity appears adequate. Plan approximately 27 workers.
2024-05-27,WH_4,1339,50,1314.29,58.33,27.0,27.0,1.02,0.04,Adequate,Workforce capacity appears adequate. Plan approximately 27 workers.
2024-05-28,WH_4,1315,50,1305.71,51.98,27.0,27.0,1.01,0.04,Adequate,Workforce capacity appears adequate. Plan approximately 27 workers.
2024-05-29,WH_4,1313,50,1313.14,48.1,27.0,27.0,1.0,0.04,Adequate,Workforce capacity appears adequate. Plan approximately 27 workers.
2024-05-30,WH_4,1175,50,1283.57,60.69,24.0,26.0,0.92,0.05,Adequate,Workforce capacity appears adequate. Plan approximately 24 workers.
2024-05-31,WH_4,1224,50,1272.43,63.82,25.0,26.0,0.96,0.05,Adequate,Workforce capacity appears adequate. Plan approximately 25 workers.
2024-06-01,WH_4,1275,50,1280.0,59.86,26.0,26.0,1.0,0.05,Adequate,Workforce capacity appears adequate. Plan approximately 26 workers.
2024-06-02,WH_4,1248,50,1269.86,58.14,25.0,26.0,0.98,0.05,Adequate,Workforce capacity appears adequate. Plan approximately 25 workers.
2024-06-03,WH_4,1291,50,1263.0,51.03,26.0,26.0,1.02,0.04,Adequate,Workforce capacity appears adequate. Plan approximately 26 workers.
2024-06-04,WH_4,1210,50,1248.0,48.57,25.0,25.0,0.97,0.04,Adequate,Workforce capacity appears adequate. Plan approximately 25 workers.
2024-06-05,WH_4,1204,50,1232.43,41.16,25.0,25.0,0.98,0.03,Adequate,Workforce capacity appears adequate. Plan approximately 25 workers.
2024-06-06,WH_4,1225,50,1239.57,33.08,25.0,25.0,0.99,0.03,Adequate,Workforce capacity appears adequate. Plan approximately 25 workers.
2024-06-07,WH_4,1243,50,1242.29,32.36,25.0,25.0,1.0,0.03,Adequate,Workforce capacity appears adequate. Plan approximately 25 workers.
2024-06-08,WH_4,1188,50,1229.86,34.35,24.0,25.0,0.97,0.03,Adequate,Workforce capacity appears adequate. Plan approximately 24 workers.
2024-06-09,WH_4,1238,50,1228.43,33.67,25.0,25.0,1.01,0.03,Adequate,Workforce capacity appears adequate. Plan approximately 25 workers.
2024-06-10,WH_4,1175,50,1211.86,25.23,24.0,25.0,0.97,0.02,Adequate,Workforce capacity appears adequate. Plan approximately 24 workers.
2024-06-11,WH_4,1117,50,1198.57,43.93,23.0,24.0,0.93,0.04,Adequate,Workforce capacity appears adequate. Plan approximately 23 workers.
2024-06-12,WH_4,1156,50,1191.71,46.6,24.0,24.0,0.97,0.04,Adequate,Workforce capacity appears adequate. Plan approximately 24 workers.
2024-06-13,WH_4,1249,50,1195.14,50.2,25.0,24.0,1.05,0.04,Adequate,Workforce capacity appears adequate. Plan approximately 25 workers.
2024-06-14,WH_4,1162,50,1183.57,46.54,24.0,24.0,0.98,0.04,Adequate,Workforce capacity appears adequate. Plan approximately 24 workers.
2024-06-15,WH_4,1019,50,1159.43,77.44,21.0,24.0,0.88,0.07,Adequate,Workforce capacity appears adequate. Plan approximately 21 workers.
2024-06-16,WH_4,1137,50,1145.0,69.34,23.0,23.0,0.99,0.06,Adequate,Workforce capacity appears adequate. Plan approximately 23 workers.
2024-06-17,WH_4,1168,50,1144.0,68.89,24.0,23.0,1.02,0.06,Adequate,Workforce capacity appears adequate. Plan approximately 24 workers.
2024-06-18,WH_4,1085,50,1139.43,71.97,22.0,23.0,0.95,0.06,Adequate,Workforce capacity appears adequate. Plan approximately 22 workers.
2024-06-19,WH_4,1095,50,1130.71,73.31,22.0,23.0,0.97,0.06,Adequate,Workforce capacity appears adequate. Plan approximately 22 workers.
2024-06-20,WH_4,1093,50,1108.43,51.96,22.0,23.0,0.99,0.05,Adequate,Workforce capacity appears adequate. Plan approximately 22 workers.
2024-06-21,WH_4,1075,50,1096.0,47.2,22.0,22.0,0.98,0.04,Adequate,Workforce capacity appears adequate. Plan approximately 22 workers.
2024-06-22,WH_4,1136,50,1112.71,34.35,23.0,23.0,1.02,0.03,Adequate,Workforce capacity appears adequate. Plan approximately 23 workers.
2024-06-23,WH_4,1017,50,1095.57,47.6,21.0,22.0,0.93,0.04,Adequate,Workforce capacity appears adequate. Plan approximately 21 workers.
2024-06-24,WH_4,1008,50,1072.71,45.39,21.0,22.0,0.94,0.04,Adequate,Workforce capacity appears adequate. Plan approximately 21 workers.
2024-06-25,WH_4,981,50,1057.86,56.39,20.0,22.0,0.93,0.05,Adequate,Workforce capacity appears adequate. Plan approximately 20 workers.
2024-06-26,WH_4,1040,50,1050.0,54.14,21.0,21.0,0.99,0.05,Adequate,Workforce capacity appears adequate. Plan approximately 21 workers.
2024-06-27,WH_4,1030,50,1041.0,50.94,21.0,21.0,0.99,0.05,Adequate,Workforce capacity appears adequate. Plan approximately 21 workers.
2024-06-28,WH_4,1044,50,1036.57,48.79,21.0,21.0,1.01,0.05,Adequate,Workforce capacity appears adequate. Plan approximately 21 workers.
2024-06-29,WH_4,1010,50,1018.57,21.74,21.0,21.0,0.99,0.02,Adequate,Workforce capacity appears adequate. Plan approximately 21 workers.
2024-06-30,WH_4,1038,50,1021.57,22.9,21.0,21.0,1.02,0.02,Adequate,Workforce capacity appears adequate. Plan approximately 21 workers.
2024-07-01,WH_4,1038,50,1025.86,22.75,21.0,21.0,1.01,0.02,Adequate,Workforce capacity appears adequate. Plan approximately 21 workers.
2024-07-02,WH_4,982,50,1026.0,22.42,20.0,21.0,0.96,0.02,Adequate,Workforce capacity appears adequate. Plan approximately 20 workers.
2024-07-03,WH_4,983,50,1017.86,26.47,20.0,21.0,0.97,0.03,Adequate,Workforce capacity appears adequate. Plan approximately 20 workers.
2024-07-04,WH_4,965,50,1008.57,32.27,20.0,21.0,0.96,0.03,Adequate,Workforce capacity appears adequate. Plan approximately 20 workers.
2024-07-05,WH_4,920,50,990.86,42.11,19.0,20.0,0.93,0.04,Adequate,Workforce capacity appears adequate. Plan approximately 19 workers.
2024-07-06,WH_4,947,50,981.86,44.03,19.0,20.0,0.96,0.04,Adequate,Workforce capacity appears adequate. Plan approximately 19 workers.
2024-07-07,WH_4,948,50,969.0,37.57,19.0,20.0,0.98,0.04,Adequate,Workforce capacity appears adequate. Plan approximately 19 workers.
2024-07-08,WH_4,945,50,955.71,22.54,19.0,20.0,0.99,0.02,Adequate,Workforce capacity appears adequate. Plan approximately 19 workers.
2024-07-09,WH_4,931,50,948.43,20.8,19.0,19.0,0.98,0.02,Adequate,Workforce capacity appears adequate. Plan approximately 19 workers.
2024-07-10,WH_4,971,50,946.71,17.75,20.0,19.0,1.03,0.02,Adequate,Workforce capacity appears adequate. Plan approximately 20 workers.
2024-07-11,WH_4,841,50,929.0,41.9,17.0,19.0,0.91,0.05,Adequate,Workforce capacity appears adequate. Plan approximately 17 workers.
2024-07-12,WH_4,960,50,934.71,43.18,20.0,19.0,1.03,0.05,Adequate,Workforce capacity appears adequate. Plan approximately 20 workers.
2024-07-13,WH_4,882,50,925.43,46.92,18.0,19.0,0.95,0.05,Adequate,Workforce capacity appears adequate. Plan approximately 18 workers.
2024-07-14,WH_4,913,50,920.43,45.97,19.0,19.0,0.99,0.05,Adequate,Workforce capacity appears adequate. Plan approximately 19 workers.
2024-07-15,WH_4,833,50,904.43,54.66,17.0,19.0,0.92,0.06,Adequate,Workforce capacity appears adequate. Plan approximately 17 workers.
2024-07-16,WH_4,922,50,903.14,54.04,19.0,19.0,1.02,0.06,Adequate,Workforce capacity appears adequate. Plan approximately 19 workers.
2024-07-17,WH_4,807,50,879.71,55.25,17.0,18.0,0.92,0.06,Adequate,Workforce capacity appears adequate. Plan approximately 17 workers.
2024-07-18,WH_4,827,50,877.71,57.11,17.0,18.0,0.94,0.07,Adequate,Workforce capacity appears adequate. Plan approximately 17 workers.
2024-07-19,WH_4,871,50,865.0,44.18,18.0,18.0,1.01,0.05,Adequate,Workforce capacity appears adequate. Plan approximately 18 workers.
2024-07-20,WH_4,798,50,853.0,49.84,16.0,18.0,0.94,0.06,Adequate,Workforce capacity appears adequate. Plan approximately 16 workers.
2024-07-21,WH_4,810,50,838.29,44.04,17.0,17.0,0.97,0.05,Adequate,Workforce capacity appears adequate. Plan approximately 17 workers.
2024-07-22,WH_4,801,50,833.71,46.28,17.0,17.0,0.96,0.06,Adequate,Workforce capacity appears adequate. Plan approximately 17 workers.
2024-07-23,WH_4,851,50,823.57,27.8,18.0,17.0,1.03,0.03,Adequate,Workforce capacity appears adequate. Plan approximately 18 workers.
2024-07-24,WH_4,826,50,826.29,26.82,17.0,17.0,1.0,0.03,Adequate,Workforce capacity appears adequate. Plan approximately 17 workers.
2024-07-25,WH_4,793,50,821.43,29.6,16.0,17.0,0.97,0.04,Adequate,Workforce capacity appears adequate. Plan approximately 16 workers.
2024-07-26,WH_4,790,50,809.86,21.8,16.0,17.0,0.98,0.03,Adequate,Workforce capacity appears adequate. Plan approximately 16 workers.
2024-07-27,WH_4,708,50,797.0,44.59,15.0,16.0,0.89,0.06,Adequate,Workforce capacity appears adequate. Plan approximately 15 workers.
2024-07-28,WH_4,792,50,794.43,44.23,16.0,16.0,1.0,0.06,Adequate,Workforce capacity appears adequate. Plan approximately 16 workers.
2024-07-29,WH_4,669,50,775.57,64.47,14.0,16.0,0.86,0.08,Adequate,Workforce capacity appears adequate. Plan approximately 14 workers.
2024-07-30,WH_4,778,50,765.14,55.52,16.0,16.0,1.02,0.07,Adequate,Workforce capacity appears adequate. Plan approximately 16 workers.
2024-07-31,WH_4,727,50,751.0,49.74,15.0,16.0,0.97,0.07,Adequate,Workforce capacity appears adequate. Plan approximately 15 workers.
2024-08-01,WH_4,751,50,745.0,46.24,16.0,15.0,1.01,0.06,Adequate,Workforce capacity appears adequate. Plan approximately 16 workers.
2024-08-02,WH_4,687,50,730.29,45.92,14.0,15.0,0.94,0.06,Adequate,Workforce capacity appears adequate. Plan approximately 14 workers.
2024-08-03,WH_4,769,50,739.0,46.77,16.0,15.0,1.04,0.06,Adequate,Workforce capacity appears adequate. Plan approximately 16 workers.
2024-08-04,WH_4,689,50,724.29,43.39,14.0,15.0,0.95,0.06,Adequate,Workforce capacity appears adequate. Plan approximately 14 workers.
2024-08-05,WH_4,749,50,735.71,36.37,15.0,15.0,1.02,0.05,Adequate,Workforce capacity appears adequate. Plan approximately 15 workers.
2024-08-06,WH_4,692,50,723.43,34.17,14.0,15.0,0.96,0.05,Adequate,Workforce capacity appears adequate. Plan approximately 14 workers.
2024-08-07,WH_4,666,50,714.71,40.33,14.0,15.0,0.93,0.06,Adequate,Workforce capacity appears adequate. Plan approximately 14 workers.
2024-08-08,WH_4,642,50,699.14,44.78,13.0,14.0,0.92,0.06,Adequate,Workforce capacity appears adequate. Plan approximately 13 workers.
2024-08-09,WH_4,698,50,700.71,44.47,14.0,15.0,1.0,0.06,Adequate,Workforce capacity appears adequate. Plan approximately 14 workers.
2024-08-10,WH_4,623,50,679.86,41.23,13.0,14.0,0.92,0.06,Adequate,Workforce capacity appears adequate. Plan approximately 13 workers.
2024-08-11,WH_4,673,50,677.57,41.08,14.0,14.0,0.99,0.06,Adequate,Workforce capacity appears adequate. Plan approximately 14 workers.
2024-08-12,WH_4,630,50,660.57,29.62,13.0,14.0,0.95,0.04,Adequate,Workforce capacity appears adequate. Plan approximately 13 workers.
2024-08-13,WH_4,662,50,656.29,26.3,14.0,14.0,1.01,0.04,Adequate,Workforce capacity appears adequate. Plan approximately 14 workers.
2024-08-14,WH_4,628,50,650.86,27.84,13.0,14.0,0.96,0.04,Adequate,Workforce capacity appears adequate. Plan approximately 13 workers.
2024-08-15,WH_4,632,50,649.43,28.61,13.0,13.0,0.97,0.04,Adequate,Workforce capacity appears adequate. Plan approximately 13 workers.
2024-08-16,WH_4,667,50,645.0,21.31,14.0,13.0,1.03,0.03,Adequate,Workforce capacity appears adequate. Plan approximately 14 workers.
2024-08-17,WH_4,682,50,653.43,22.77,14.0,14.0,1.04,0.03,Adequate,Workforce capacity appears adequate. Plan approximately 14 workers.
2024-08-18,WH_4,635,50,648.0,21.84,13.0,13.0,0.98,0.03,Adequate,Workforce capacity appears adequate. Plan approximately 13 workers.
2024-08-19,WH_4,647,50,650.43,20.4,13.0,14.0,0.99,0.03,Adequate,Workforce capacity appears adequate. Plan approximately 13 workers.
2024-08-20,WH_4,649,50,648.57,19.76,13.0,13.0,1.0,0.03,Adequate,Workforce capacity appears adequate. Plan approximately 13 workers.
2024-08-21,WH_4,603,50,645.0,25.51,13.0,13.0,0.93,0.04,Adequate,Workforce capacity appears adequate. Plan approximately 13 workers.
2024-08-22,WH_4,611,50,642.0,28.37,13.0,13.0,0.95,0.04,Adequate,Workforce capacity appears adequate. Plan approximately 13 workers.
2024-08-23,WH_4,646,50,639.0,26.32,13.0,13.0,1.01,0.04,Adequate,Workforce capacity appears adequate. Plan approximately 13 workers.
2024-08-24,WH_4,553,50,620.57,34.95,12.0,13.0,0.89,0.06,Adequate,Workforce capacity appears adequate. Plan approximately 12 workers.
2024-08-25,WH_4,602,50,615.86,34.9,13.0,13.0,0.98,0.06,Adequate,Workforce capacity appears adequate. Plan approximately 13 workers.
2024-08-26,WH_4,524,50,598.29,45.85,11.0,12.0,0.88,0.08,Adequate,Workforce capacity appears adequate. Plan approximately 11 workers.
2024-08-27,WH_4,553,50,584.57,42.38,12.0,12.0,0.95,0.07,Adequate,Workforce capacity appears adequate. Plan approximately 12 workers.
2024-08-28,WH_4,520,50,572.71,47.65,11.0,12.0,0.91,0.08,Adequate,Workforce capacity appears adequate. Plan approximately 11 workers.
2024-08-29,WH_4,575,50,567.57,44.68,12.0,12.0,1.01,0.08,Adequate,Workforce capacity appears adequate. Plan approximately 12 workers.
2024-08-30,WH_4,573,50,557.14,29.14,12.0,12.0,1.03,0.05,Adequate,Workforce capacity appears adequate. Plan approximately 12 workers.
2024-08-31,WH_4,517,50,552.0,32.92,11.0,12.0,0.94,0.06,Adequate,Workforce capacity appears adequate. Plan approximately 11 workers.
2024-09-01,WH_4,555,50,545.29,24.82,12.0,11.0,1.02,0.05,Adequate,Workforce capacity appears adequate. Plan approximately 12 workers.
2024-09-02,WH_4,536,50,547.0,23.49,11.0,11.0,0.98,0.04,Adequate,Workforce capacity appears adequate. Plan approximately 11 workers.
2024-09-03,WH_4,525,50,543.0,24.65,11.0,11.0,0.97,0.05,Adequate,Workforce capacity appears adequate. Plan approximately 11 workers.
2024-09-04,WH_4,531,50,544.57,23.25,11.0,11.0,0.98,0.04,Adequate,Workforce capacity appears adequate. Plan approximately 11 workers.
2024-09-05,WH_4,453,50,527.14,37.81,10.0,11.0,0.86,0.07,Adequate,Workforce capacity appears adequate. Plan approximately 10 workers.
2024-09-06,WH_4,502,50,517.0,32.62,11.0,11.0,0.97,0.06,Adequate,Workforce capacity appears adequate. Plan approximately 11 workers.
2024-09-07,WH_4,536,50,519.71,33.41,11.0,11.0,1.03,0.06,Adequate,Workforce capacity appears adequate. Plan approximately 11 workers.
2024-09-08,WH_4,463,50,506.57,35.26,10.0,11.0,0.91,0.07,Adequate,Workforce capacity appears adequate. Plan approximately 10 workers.
2024-09-09,WH_4,526,50,505.14,34.05,11.0,11.0,1.04,0.07,Adequate,Workforce capacity appears adequate. Plan approximately 11 workers.
2024-09-10,WH_4,578,50,512.71,43.72,12.0,11.0,1.13,0.09,Monitor,Workload is above recent average. Monitor staffing and consider 12 workers.
2024-09-11,WH_4,508,50,509.43,42.97,11.0,11.0,1.0,0.08,Adequate,Workforce capacity appears adequate. Plan approximately 11 workers.
2024-09-12,WH_4,523,50,519.43,35.07,11.0,11.0,1.01,0.07,Adequate,Workforce capacity appears adequate. Plan approximately 11 workers.
2024-09-13,WH_4,505,50,519.86,34.84,11.0,11.0,0.97,0.07,Adequate,Workforce capacity appears adequate. Plan approximately 11 workers.
2024-09-14,WH_4,468,50,510.14,38.84,10.0,11.0,0.92,0.08,Adequate,Workforce capacity appears adequate. Plan approximately 10 workers.
2024-09-15,WH_4,475,50,511.86,36.61,10.0,11.0,0.93,0.07,Adequate,Workforce capacity appears adequate. Plan approximately 10 workers.
2024-09-16,WH_4,541,50,514.0,37.99,11.0,11.0,1.05,0.07,Adequate,Workforce capacity appears adequate. Plan approximately 11 workers.
2024-09-17,WH_4,420,50,491.43,40.48,9.0,10.0,0.85,0.08,Adequate,Workforce capacity appears adequate. Plan approximately 9 workers.
2024-09-18,WH_4,443,50,482.14,43.4,9.0,10.0,0.92,0.09,Adequate,Workforce capacity appears adequate. Plan approximately 9 workers.
2024-09-19,WH_4,475,50,475.29,39.48,10.0,10.0,1.0,0.08,Adequate,Workforce capacity appears adequate. Plan approximately 10 workers.
2024-09-20,WH_4,513,50,476.43,40.59,11.0,10.0,1.08,0.09,Adequate,Workforce capacity appears adequate. Plan approximately 11 workers.
2024-09-21,WH_4,460,50,475.29,40.97,10.0,10.0,0.97,0.09,Adequate,Workforce capacity appears adequate. Plan approximately 10 workers.
2024-09-22,WH_4,523,50,482.14,44.76,11.0,10.0,1.08,0.09,Adequate,Workforce capacity appears adequate. Plan approximately 11 workers.
2024-09-23,WH_4,489,50,474.71,37.01,10.0,10.0,1.03,0.08,Adequate,Workforce capacity appears adequate. Plan approximately 10 workers.
2024-09-24,WH_4,517,50,488.57,30.73,11.0,10.0,1.06,0.06,Adequate,Workforce capacity appears adequate. Plan approximately 11 workers.
2024-09-25,WH_4,528,50,500.71,26.18,11.0,11.0,1.05,0.05,Adequate,Workforce capacity appears adequate. Plan approximately 11 workers.
2024-09-26,WH_4,447,50,496.71,32.21,9.0,10.0,0.9,0.06,Adequate,Workforce capacity appears adequate. Plan approximately 9 workers.
2024-09-27,WH_4,440,50,486.29,37.45,9.0,10.0,0.9,0.08,Adequate,Workforce capacity appears adequate. Plan approximately 9 workers.
2024-09-28,WH_4,512,50,493.71,36.51,11.0,10.0,1.04,0.07,Adequate,Workforce capacity appears adequate. Plan approximately 11 workers.
2024-09-29,WH_4,483,50,488.0,34.22,10.0,10.0,0.99,0.07,Adequate,Workforce capacity appears adequate. Plan approximately 10 workers.
2024-09-30,WH_4,565,50,498.86,44.96,12.0,10.0,1.13,0.09,Monitor,Workload is above recent average. Monitor staffing and consider 12 workers.
2024-10-01,WH_4,476,50,493.0,44.88,10.0,10.0,0.97,0.09,Adequate,Workforce capacity appears adequate. Plan approximately 10 workers.
2024-10-02,WH_4,480,50,486.14,42.23,10.0,10.0,0.99,0.09,Adequate,Workforce capacity appears adequate. Plan approximately 10 workers.
2024-10-03,WH_4,531,50,498.14,41.17,11.0,10.0,1.07,0.08,Adequate,Workforce capacity appears adequate. Plan approximately 11 workers.
2024-10-04,WH_4,483,50,504.29,33.55,10.0,11.0,0.96,0.07,Adequate,Workforce capacity appears adequate. Plan approximately 10 workers.
2024-10-05,WH_4,514,50,504.57,33.64,11.0,11.0,1.02,0.07,Adequate,Workforce capacity appears adequate. Plan approximately 11 workers.
2024-10-06,WH_4,579,50,518.29,41.93,12.0,11.0,1.12,0.08,Monitor,Workload is above recent average. Monitor staffing and consider 12 workers.
2024-10-07,WH_4,480,50,506.14,38.29,10.0,11.0,0.95,0.08,Adequate,Workforce capacity appears adequate. Plan approximately 10 workers.
2024-10-08,WH_4,560,50,518.14,40.38,12.0,11.0,1.08,0.08,Adequate,Workforce capacity appears adequate. Plan approximately 12 workers.
2024-10-09,WH_4,546,50,527.57,37.6,11.0,11.0,1.03,0.07,Adequate,Workforce capacity appears adequate. Plan approximately 11 workers.
2024-10-10,WH_4,469,50,518.71,43.5,10.0,11.0,0.9,0.08,Adequate,Workforce capacity appears adequate. Plan approximately 10 workers.
2024-10-11,WH_4,539,50,526.71,40.91,11.0,11.0,1.02,0.08,Adequate,Workforce capacity appears adequate. Plan approximately 11 workers.
2024-10-12,WH_4,467,50,520.0,46.78,10.0,11.0,0.9,0.09,Adequate,Workforce capacity appears adequate. Plan approximately 10 workers.
2024-10-13,WH_4,511,50,510.29,38.87,11.0,11.0,1.0,0.08,Adequate,Workforce capacity appears adequate. Plan approximately 11 workers.
2024-10-14,WH_4,538,50,518.57,37.5,11.0,11.0,1.04,0.07,Adequate,Workforce capacity appears adequate. Plan approximately 11 workers.
2024-10-15,WH_4,507,50,511.0,32.8,11.0,11.0,0.99,0.06,Adequate,Workforce capacity appears adequate. Plan approximately 11 workers.
2024-10-16,WH_4,461,50,498.86,33.41,10.0,10.0,0.92,0.07,Adequate,Workforce capacity appears adequate. Plan approximately 10 workers.
2024-10-17,WH_4,508,50,504.43,30.75,11.0,11.0,1.01,0.06,Adequate,Workforce capacity appears adequate. Plan approximately 11 workers.
2024-10-18,WH_4,485,50,496.71,27.2,10.0,10.0,0.98,0.05,Adequate,Workforce capacity appears adequate. Plan approximately 10 workers.
2024-10-19,WH_4,549,50,508.43,29.8,11.0,11.0,1.08,0.06,Adequate,Workforce capacity appears adequate. Plan approximately 11 workers.
2024-10-20,WH_4,568,50,516.57,37.43,12.0,11.0,1.1,0.07,Adequate,Workforce capacity appears adequate. Plan approximately 12 workers.
2024-10-21,WH_4,508,50,512.29,36.27,11.0,11.0,0.99,0.07,Adequate,Workforce capacity appears adequate. Plan approximately 11 workers.
2024-10-22,WH_4,448,50,503.86,43.78,9.0,11.0,0.89,0.09,Adequate,Workforce capacity appears adequate. Plan approximately 9 workers.
2024-10-23,WH_4,483,50,507.0,40.88,10.0,11.0,0.95,0.08,Adequate,Workforce capacity appears adequate. Plan approximately 10 workers.
2024-10-24,WH_4,578,50,517.0,48.94,12.0,11.0,1.12,0.09,Monitor,Workload is above recent average. Monitor staffing and consider 12 workers.
2024-10-25,WH_4,607,50,534.43,56.74,13.0,11.0,1.14,0.11,Monitor,Workload is above recent average. Monitor staffing and consider 13 workers.
2024-10-26,WH_4,523,50,530.71,56.48,11.0,11.0,0.99,0.11,Adequate,Workforce capacity appears adequate. Plan approximately 11 workers.
2024-10-27,WH_4,552,50,528.43,55.02,12.0,11.0,1.04,0.1,Adequate,Workforce capacity appears adequate. Plan approximately 12 workers.
2024-10-28,WH_4,477,50,524.0,58.1,10.0,11.0,0.91,0.11,Adequate,Workforce capacity appears adequate. Plan approximately 10 workers.
2024-10-29,WH_4,513,50,533.29,48.3,11.0,11.0,0.96,0.09,Adequate,Workforce capacity appears adequate. Plan approximately 11 workers.
2024-10-30,WH_4,517,50,538.14,43.91,11.0,11.0,0.96,0.08,Adequate,Workforce capacity appears adequate. Plan approximately 11 workers.
2024-10-31,WH_4,552,50,534.43,40.98,12.0,11.0,1.03,0.08,Adequate,Workforce capacity appears adequate. Plan approximately 12 workers.
2024-11-01,WH_4,588,50,531.71,35.65,12.0,11.0,1.11,0.07,Monitor,Workload is above recent average. Monitor staffing and consider 12 workers.
2024-11-02,WH_4,590,50,541.29,41.45,12.0,11.0,1.09,0.08,Adequate,Workforce capacity appears adequate. Plan approximately 12 workers.
2024-11-03,WH_4,590,50,546.71,45.39,12.0,11.0,1.08,0.08,Adequate,Workforce capacity appears adequate. Plan approximately 12 workers.
2024-11-04,WH_4,617,50,566.71,40.08,13.0,12.0,1.09,0.07,Adequate,Workforce capacity appears adequate. Plan approximately 13 workers.
2024-11-05,WH_4,564,50,574.0,32.63,12.0,12.0,0.98,0.06,Adequate,Workforce capacity appears adequate. Plan approximately 12 workers.
2024-11-06,WH_4,565,50,580.86,21.96,12.0,12.0,0.97,0.04,Adequate,Workforce capacity appears adequate. Plan approximately 12 workers.
2024-11-07,WH_4,605,50,588.43,19.33,13.0,12.0,1.03,0.03,Adequate,Workforce capacity appears adequate. Plan approximately 13 workers.
2024-11-08,WH_4,595,50,589.43,19.48,12.0,12.0,1.01,0.03,Adequate,Workforce capacity appears adequate. Plan approximately 12 workers.
2024-11-09,WH_4,616,50,593.14,21.93,13.0,12.0,1.04,0.04,Adequate,Workforce capacity appears adequate. Plan approximately 13 workers.
2024-11-10,WH_4,624,50,598.0,24.71,13.0,12.0,1.04,0.04,Adequate,Workforce capacity appears adequate. Plan approximately 13 workers.
2024-11-11,WH_4,657,50,603.71,33.05,14.0,13.0,1.09,0.05,Adequate,Workforce capacity appears adequate. Plan approximately 14 workers.
2024-11-12,WH_4,608,50,610.0,28.05,13.0,13.0,1.0,0.05,Adequate,Workforce capacity appears adequate. Plan approximately 13 workers.
2024-11-13,WH_4,595,50,614.29,21.57,12.0,13.0,0.97,0.04,Adequate,Workforce capacity appears adequate. Plan approximately 12 workers.
2024-11-14,WH_4,651,50,620.86,25.0,14.0,13.0,1.05,0.04,Adequate,Workforce capacity appears adequate. Plan approximately 14 workers.
2024-11-15,WH_4,663,50,630.57,26.45,14.0,13.0,1.05,0.04,Adequate,Workforce capacity appears adequate. Plan approximately 14 workers.
2024-11-16,WH_4,623,50,631.57,25.93,13.0,13.0,0.99,0.04,Adequate,Workforce capacity appears adequate. Plan approximately 13 workers.
2024-11-17,WH_4,627,50,632.0,25.81,13.0,13.0,0.99,0.04,Adequate,Workforce capacity appears adequate. Plan approximately 13 workers.
2024-11-18,WH_4,697,50,637.71,35.05,14.0,13.0,1.09,0.05,Adequate,Workforce capacity appears adequate. Plan approximately 14 workers.
2024-11-19,WH_4,698,50,650.57,38.65,14.0,14.0,1.07,0.06,Adequate,Workforce capacity appears adequate. Plan approximately 14 workers.
2024-11-20,WH_4,713,50,667.43,36.02,15.0,14.0,1.07,0.05,Adequate,Workforce capacity appears adequate. Plan approximately 15 workers.
2024-11-21,WH_4,694,50,673.57,36.41,14.0,14.0,1.03,0.05,Adequate,Workforce capacity appears adequate. Plan approximately 14 workers.
2024-11-22,WH_4,698,50,678.57,37.12,14.0,14.0,1.03,0.05,Adequate,Workforce capacity appears adequate. Plan approximately 14 workers.
2024-11-23,WH_4,719,50,692.29,30.26,15.0,14.0,1.04,0.04,Adequate,Workforce capacity appears adequate. Plan approximately 15 workers.
2024-11-24,WH_4,765,50,712.0,25.17,16.0,15.0,1.07,0.04,Adequate,Workforce capacity appears adequate. Plan approximately 16 workers.
2024-11-25,WH_4,690,50,711.0,25.99,14.0,15.0,0.97,0.04,Adequate,Workforce capacity appears adequate. Plan approximately 14 workers.
2024-11-26,WH_4,767,50,720.86,32.5,16.0,15.0,1.06,0.05,Adequate,Workforce capacity appears adequate. Plan approximately 16 workers.
2024-11-27,WH_4,668,50,714.43,38.26,14.0,15.0,0.94,0.05,Adequate,Workforce capacity appears adequate. Plan approximately 14 workers.
2024-11-28,WH_4,720,50,718.14,37.19,15.0,15.0,1.0,0.05,Adequate,Workforce capacity appears adequate. Plan approximately 15 workers.
2024-11-29,WH_4,722,50,721.57,36.11,15.0,15.0,1.0,0.05,Adequate,Workforce capacity appears adequate. Plan approximately 15 workers.
2024-11-30,WH_4,761,50,727.57,38.99,16.0,15.0,1.05,0.05,Adequate,Workforce capacity appears adequate. Plan approximately 16 workers.
2024-12-01,WH_4,703,50,718.71,36.0,15.0,15.0,0.98,0.05,Adequate,Workforce capacity appears adequate. Plan approximately 15 workers.
2024-12-02,WH_4,785,50,732.29,40.94,16.0,15.0,1.07,0.06,Adequate,Workforce capacity appears adequate. Plan approximately 16 workers.
2024-12-03,WH_4,780,50,734.14,43.02,16.0,15.0,1.06,0.06,Adequate,Workforce capacity appears adequate. Plan approximately 16 workers.
2024-12-04,WH_4,763,50,747.71,32.33,16.0,15.0,1.02,0.04,Adequate,Workforce capacity appears adequate. Plan approximately 16 workers.
2024-12-05,WH_4,853,50,766.71,48.41,18.0,16.0,1.11,0.06,Monitor,Workload is above recent average. Monitor staffing and consider 18 workers.
2024-12-06,WH_4,779,50,774.86,44.25,16.0,16.0,1.01,0.06,Adequate,Workforce capacity appears adequate. Plan approximately 16 workers.
2024-12-07,WH_4,794,50,779.57,44.29,16.0,16.0,1.02,0.06,Adequate,Workforce capacity appears adequate. Plan approximately 16 workers.
2024-12-08,WH_4,855,50,801.29,37.18,18.0,17.0,1.07,0.05,Adequate,Workforce capacity appears adequate. Plan approximately 18 workers.
2024-12-09,WH_4,835,50,808.43,38.31,17.0,17.0,1.03,0.05,Adequate,Workforce capacity appears adequate. Plan approximately 17 workers.
2024-12-10,WH_4,779,50,808.29,38.44,16.0,17.0,0.96,0.05,Adequate,Workforce capacity appears adequate. Plan approximately 16 workers.
2024-12-11,WH_4,796,50,813.0,33.69,16.0,17.0,0.98,0.04,Adequate,Workforce capacity appears adequate. Plan approximately 16 workers.
2024-12-12,WH_4,912,50,821.43,49.18,19.0,17.0,1.11,0.06,Monitor,Workload is above recent average. Monitor staffing and consider 19 workers.
2024-12-13,WH_4,869,50,834.29,47.99,18.0,17.0,1.04,0.06,Adequate,Workforce capacity appears adequate. Plan approximately 18 workers.
2024-12-14,WH_4,827,50,839.0,44.9,17.0,17.0,0.99,0.05,Adequate,Workforce capacity appears adequate. Plan approximately 17 workers.
2024-12-15,WH_4,838,50,836.57,44.34,17.0,17.0,1.0,0.05,Adequate,Workforce capacity appears adequate. Plan approximately 17 workers.
2024-12-16,WH_4,923,50,849.14,55.01,19.0,17.0,1.09,0.06,Adequate,Workforce capacity appears adequate. Plan approximately 19 workers.
2024-12-17,WH_4,877,50,863.14,45.9,18.0,18.0,1.02,0.05,Adequate,Workforce capacity appears adequate. Plan approximately 18 workers.
2024-12-18,WH_4,867,50,873.29,35.19,18.0,18.0,0.99,0.04,Adequate,Workforce capacity appears adequate. Plan approximately 18 workers.
2024-12-19,WH_4,914,50,873.57,35.56,19.0,18.0,1.05,0.04,Adequate,Workforce capacity appears adequate. Plan approximately 19 workers.
2024-12-20,WH_4,933,50,882.71,41.86,19.0,18.0,1.06,0.05,Adequate,Workforce capacity appears adequate. Plan approximately 19 workers.
2024-12-21,WH_4,939,50,898.71,38.27,19.0,18.0,1.04,0.04,Adequate,Workforce capacity appears adequate. Plan approximately 19 workers.
2024-12-22,WH_4,971,50,917.71,36.05,20.0,19.0,1.06,0.04,Adequate,Workforce capacity appears adequate. Plan approximately 20 workers.
2024-12-23,WH_4,935,50,919.43,36.62,19.0,19.0,1.02,0.04,Adequate,Workforce capacity appears adequate. Plan approximately 19 workers.
2024-12-24,WH_4,919,50,925.43,31.61,19.0,19.0,0.99,0.03,Adequate,Workforce capacity appears adequate. Plan approximately 19 workers.
2024-12-25,WH_4,965,50,939.43,21.51,20.0,19.0,1.03,0.02,Adequate,Workforce capacity appears adequate. Plan approximately 20 workers.
2024-12-26,WH_4,980,50,948.86,22.92,20.0,19.0,1.03,0.02,Adequate,Workforce capacity appears adequate. Plan approximately 20 workers.
2024-12-27,WH_4,1004,50,959.0,29.5,21.0,20.0,1.05,0.03,Adequate,Workforce capacity appears adequate. Plan approximately 21 workers.
2024-12-28,WH_4,1018,50,970.29,35.15,21.0,20.0,1.05,0.04,Adequate,Workforce capacity appears adequate. Plan approximately 21 workers.
2024-12-29,WH_4,972,50,970.43,35.15,20.0,20.0,1.0,0.04,Adequate,Workforce capacity appears adequate. Plan approximately 20 workers.
2024-12-30,WH_4,970,50,975.43,31.58,20.0,20.0,0.99,0.03,Adequate,Workforce capacity appears adequate. Plan approximately 20 workers.
2024-01-01,WH_5,987,50,987.0,0.0,20.0,20.0,1.0,0.0,Adequate,Workforce capacity appears adequate. Plan approximately 20 workers.
2024-01-02,WH_5,1036,50,1011.5,34.65,21.0,21.0,1.02,0.03,Adequate,Workforce capacity appears adequate. Plan approximately 21 workers.
2024-01-03,WH_5,1045,50,1022.67,31.21,21.0,21.0,1.02,0.03,Adequate,Workforce capacity appears adequate. Plan approximately 21 workers.
2024-01-04,WH_5,1010,50,1019.5,26.26,21.0,21.0,0.99,0.03,Adequate,Workforce capacity appears adequate. Plan approximately 21 workers.
2024-01-05,WH_5,1042,50,1024.0,24.87,21.0,21.0,1.02,0.02,Adequate,Workforce capacity appears adequate. Plan approximately 21 workers.
2024-01-06,WH_5,1026,50,1024.33,22.26,21.0,21.0,1.0,0.02,Adequate,Workforce capacity appears adequate. Plan approximately 21 workers.
2024-01-07,WH_5,1052,50,1028.29,22.85,22.0,21.0,1.02,0.02,Adequate,Workforce capacity appears adequate. Plan approximately 22 workers.
2024-01-08,WH_5,1043,50,1036.29,14.13,21.0,21.0,1.01,0.01,Adequate,Workforce capacity appears adequate. Plan approximately 21 workers.
2024-01-09,WH_5,1110,50,1046.86,31.22,23.0,21.0,1.06,0.03,Adequate,Workforce capacity appears adequate. Plan approximately 23 workers.
2024-01-10,WH_5,1087,50,1052.86,34.65,22.0,22.0,1.03,0.03,Adequate,Workforce capacity appears adequate. Plan approximately 22 workers.
2024-01-11,WH_5,1055,50,1059.29,29.11,22.0,22.0,1.0,0.03,Adequate,Workforce capacity appears adequate. Plan approximately 22 workers.
2024-01-12,WH_5,1163,50,1076.57,47.35,24.0,22.0,1.08,0.04,Adequate,Workforce capacity appears adequate. Plan approximately 24 workers.
2024-01-13,WH_5,1063,50,1081.86,42.58,22.0,22.0,0.98,0.04,Adequate,Workforce capacity appears adequate. Plan approximately 22 workers.
2024-01-14,WH_5,1081,50,1086.0,40.56,22.0,22.0,1.0,0.04,Adequate,Workforce capacity appears adequate. Plan approximately 22 workers.
2024-01-15,WH_5,1127,50,1098.0,38.07,23.0,22.0,1.03,0.03,Adequate,Workforce capacity appears adequate. Plan approximately 23 workers.
2024-01-16,WH_5,1111,50,1098.14,38.12,23.0,22.0,1.01,0.03,Adequate,Workforce capacity appears adequate. Plan approximately 23 workers.
2024-01-17,WH_5,1157,50,1108.14,43.51,24.0,23.0,1.04,0.04,Adequate,Workforce capacity appears adequate. Plan approximately 24 workers.
2024-01-18,WH_5,1223,50,1132.14,54.31,25.0,23.0,1.08,0.05,Adequate,Workforce capacity appears adequate. Plan approximately 25 workers.
2024-01-19,WH_5,1179,50,1134.43,56.13,24.0,23.0,1.04,0.05,Adequate,Workforce capacity appears adequate. Plan approximately 24 workers.
2024-01-20,WH_5,1208,50,1155.14,51.98,25.0,24.0,1.05,0.04,Adequate,Workforce capacity appears adequate. Plan approximately 25 workers.
2024-01-21,WH_5,1202,50,1172.43,42.46,25.0,24.0,1.03,0.04,Adequate,Workforce capacity appears adequate. Plan approximately 25 workers.
2024-01-22,WH_5,1197,50,1182.43,37.98,24.0,24.0,1.01,0.03,Adequate,Workforce capacity appears adequate. Plan approximately 24 workers.
2024-01-23,WH_5,1235,50,1200.14,26.21,25.0,25.0,1.03,0.02,Adequate,Workforce capacity appears adequate. Plan approximately 25 workers.
2024-01-24,WH_5,1156,50,1200.0,26.48,24.0,24.0,0.96,0.02,Adequate,Workforce capacity appears adequate. Plan approximately 24 workers.
2024-01-25,WH_5,1217,50,1199.14,25.7,25.0,24.0,1.01,0.02,Adequate,Workforce capacity appears adequate. Plan approximately 25 workers.
2024-01-26,WH_5,1241,50,1208.0,28.17,25.0,25.0,1.03,0.02,Adequate,Workforce capacity appears adequate. Plan approximately 25 workers.
2024-01-27,WH_5,1172,50,1202.86,31.28,24.0,25.0,0.97,0.03,Adequate,Workforce capacity appears adequate. Plan approximately 24 workers.
2024-01-28,WH_5,1253,50,1210.14,36.54,26.0,25.0,1.04,0.03,Adequate,Workforce capacity appears adequate. Plan approximately 26 workers.
2024-01-29,WH_5,1273,50,1221.0,42.75,26.0,25.0,1.04,0.04,Adequate,Workforce capacity appears adequate. Plan approximately 26 workers.
2024-01-30,WH_5,1243,50,1222.14,43.29,25.0,25.0,1.02,0.04,Adequate,Workforce capacity appears adequate. Plan approximately 25 workers.
2024-01-31,WH_5,1224,50,1231.86,32.18,25.0,25.0,0.99,0.03,Adequate,Workforce capacity appears adequate. Plan approximately 25 workers.
2024-02-01,WH_5,1278,50,1240.57,35.57,26.0,25.0,1.03,0.03,Adequate,Workforce capacity appears adequate. Plan approximately 26 workers.
2024-02-02,WH_5,1304,50,1249.57,42.91,27.0,25.0,1.04,0.03,Adequate,Workforce capacity appears adequate. Plan approximately 27 workers.
2024-02-03,WH_5,1318,50,1270.43,33.33,27.0,26.0,1.04,0.03,Adequate,Workforce capacity appears adequate. Plan approximately 27 workers.
2024-02-04,WH_5,1225,50,1266.43,37.22,25.0,26.0,0.97,0.03,Adequate,Workforce capacity appears adequate. Plan approximately 25 workers.
2024-02-05,WH_5,1297,50,1269.86,38.99,26.0,26.0,1.02,0.03,Adequate,Workforce capacity appears adequate. Plan approximately 26 workers.
2024-02-06,WH_5,1298,50,1277.71,38.21,26.0,26.0,1.02,0.03,Adequate,Workforce capacity appears adequate. Plan approximately 26 workers.
2024-02-07,WH_5,1290,50,1287.14,30.01,26.0,26.0,1.0,0.02,Adequate,Workforce capacity appears adequate. Plan approximately 26 workers.
2024-02-08,WH_5,1267,50,1285.57,30.85,26.0,26.0,0.99,0.02,Adequate,Workforce capacity appears adequate. Plan approximately 26 workers.
2024-02-09,WH_5,1310,50,1286.43,31.52,27.0,26.0,1.02,0.02,Adequate,Workforce capacity appears adequate. Plan approximately 27 workers.
2024-02-10,WH_5,1365,50,1293.14,42.47,28.0,26.0,1.06,0.03,Adequate,Workforce capacity appears adequate. Plan approximately 28 workers.
2024-02-11,WH_5,1332,50,1308.43,31.76,27.0,27.0,1.02,0.02,Adequate,Workforce capacity appears adequate. Plan approximately 27 workers.
2024-02-12,WH_5,1394,50,1322.29,44.54,28.0,27.0,1.05,0.03,Adequate,Workforce capacity appears adequate. Plan approximately 28 workers.
2024-02-13,WH_5,1323,50,1325.86,43.25,27.0,27.0,1.0,0.03,Adequate,Workforce capacity appears adequate. Plan approximately 27 workers.
2024-02-14,WH_5,1327,50,1331.14,40.3,27.0,27.0,1.0,0.03,Adequate,Workforce capacity appears adequate. Plan approximately 27 workers.
2024-02-15,WH_5,1302,50,1336.14,32.41,27.0,27.0,0.97,0.02,Adequate,Workforce capacity appears adequate. Plan approximately 27 workers.
2024-02-16,WH_5,1374,50,1345.29,32.83,28.0,27.0,1.02,0.02,Adequate,Workforce capacity appears adequate. Plan approximately 28 workers.
2024-02-17,WH_5,1394,50,1349.43,37.26,28.0,27.0,1.03,0.03,Adequate,Workforce capacity appears adequate. Plan approximately 28 workers.
2024-02-18,WH_5,1334,50,1349.71,37.12,27.0,27.0,0.99,0.03,Adequate,Workforce capacity appears adequate. Plan approximately 27 workers.
2024-02-19,WH_5,1418,50,1353.14,42.59,29.0,28.0,1.05,0.03,Adequate,Workforce capacity appears adequate. Plan approximately 29 workers.
2024-02-20,WH_5,1381,50,1361.43,41.38,28.0,28.0,1.01,0.03,Adequate,Workforce capacity appears adequate. Plan approximately 28 workers.
2024-02-21,WH_5,1445,50,1378.29,48.44,29.0,28.0,1.05,0.04,Adequate,Workforce capacity appears adequate. Plan approximately 29 workers.
2024-02-22,WH_5,1378,50,1389.14,35.21,28.0,28.0,0.99,0.03,Adequate,Workforce capacity appears adequate. Plan approximately 28 workers.
2024-02-23,WH_5,1434,50,1397.71,38.09,29.0,28.0,1.03,0.03,Adequate,Workforce capacity appears adequate. Plan approximately 29 workers.
2024-02-24,WH_5,1359,50,1392.71,40.86,28.0,28.0,0.98,0.03,Adequate,Workforce capacity appears adequate. Plan approximately 28 workers.
2024-02-25,WH_5,1414,50,1404.14,31.9,29.0,29.0,1.01,0.02,Adequate,Workforce capacity appears adequate. Plan approximately 29 workers.
2024-02-26,WH_5,1392,50,1400.43,31.53,28.0,29.0,0.99,0.02,Adequate,Workforce capacity appears adequate. Plan approximately 28 workers.
2024-02-27,WH_5,1468,50,1412.86,38.89,30.0,29.0,1.04,0.03,Adequate,Workforce capacity appears adequate. Plan approximately 30 workers.
2024-02-28,WH_5,1459,50,1414.86,41.11,30.0,29.0,1.03,0.03,Adequate,Workforce capacity appears adequate. Plan approximately 30 workers.
2024-02-29,WH_5,1458,50,1426.29,40.27,30.0,29.0,1.02,0.03,Adequate,Workforce capacity appears adequate. Plan approximately 30 workers.
2024-03-01,WH_5,1431,50,1425.86,40.19,29.0,29.0,1.0,0.03,Adequate,Workforce capacity appears adequate. Plan approximately 29 workers.
2024-03-02,WH_5,1460,50,1440.29,28.66,30.0,29.0,1.01,0.02,Adequate,Workforce capacity appears adequate. Plan approximately 30 workers.
2024-03-03,WH_5,1478,50,1449.43,29.09,30.0,29.0,1.02,0.02,Adequate,Workforce capacity appears adequate. Plan approximately 30 workers.
2024-03-04,WH_5,1474,50,1461.14,15.39,30.0,30.0,1.01,0.01,Adequate,Workforce capacity appears adequate. Plan approximately 30 workers.
2024-03-05,WH_5,1436,50,1456.57,17.61,29.0,30.0,0.99,0.01,Adequate,Workforce capacity appears adequate. Plan approximately 29 workers.
2024-03-06,WH_5,1433,50,1452.86,19.63,29.0,30.0,0.99,0.01,Adequate,Workforce capacity appears adequate. Plan approximately 29 workers.
2024-03-07,WH_5,1470,50,1454.57,20.65,30.0,30.0,1.01,0.01,Adequate,Workforce capacity appears adequate. Plan approximately 30 workers.
2024-03-08,WH_5,1512,50,1466.14,26.97,31.0,30.0,1.03,0.02,Adequate,Workforce capacity appears adequate. Plan approximately 31 workers.
2024-03-09,WH_5,1482,50,1469.29,27.41,30.0,30.0,1.01,0.02,Adequate,Workforce capacity appears adequate. Plan approximately 30 workers.
2024-03-10,WH_5,1461,50,1466.86,27.27,30.0,30.0,1.0,0.02,Adequate,Workforce capacity appears adequate. Plan approximately 30 workers.
2024-03-11,WH_5,1504,50,1471.14,30.72,31.0,30.0,1.02,0.02,Adequate,Workforce capacity appears adequate. Plan approximately 31 workers.
2024-03-12,WH_5,1523,50,1483.57,31.71,31.0,30.0,1.03,0.02,Adequate,Workforce capacity appears adequate. Plan approximately 31 workers.
2024-03-13,WH_5,1456,50,1486.86,26.33,30.0,30.0,0.98,0.02,Adequate,Workforce capacity appears adequate. Plan approximately 30 workers.
2024-03-14,WH_5,1483,50,1488.71,25.39,30.0,30.0,1.0,0.02,Adequate,Workforce capacity appears adequate. Plan approximately 30 workers.
2024-03-15,WH_5,1510,50,1488.43,25.09,31.0,30.0,1.01,0.02,Adequate,Workforce capacity appears adequate. Plan approximately 31 workers.
2024-03-16,WH_5,1488,50,1489.29,24.94,30.0,30.0,1.0,0.02,Adequate,Workforce capacity appears adequate. Plan approximately 30 workers.
2024-03-17,WH_5,1554,50,1502.57,31.31,32.0,31.0,1.03,0.02,Adequate,Workforce capacity appears adequate. Plan approximately 32 workers.
2024-03-18,WH_5,1498,50,1501.71,31.35,30.0,31.0,1.0,0.02,Adequate,Workforce capacity appears adequate. Plan approximately 30 workers.
2024-03-19,WH_5,1540,50,1504.14,33.84,31.0,31.0,1.02,0.02,Adequate,Workforce capacity appears adequate. Plan approximately 31 workers.
2024-03-20,WH_5,1512,50,1512.14,26.35,31.0,31.0,1.0,0.02,Adequate,Workforce capacity appears adequate. Plan approximately 31 workers.
2024-03-21,WH_5,1514,50,1516.57,23.03,31.0,31.0,1.0,0.02,Adequate,Workforce capacity appears adequate. Plan approximately 31 workers.
2024-03-22,WH_5,1499,50,1515.0,23.91,30.0,31.0,0.99,0.02,Adequate,Workforce capacity appears adequate. Plan approximately 30 workers.
2024-03-23,WH_5,1531,50,1521.14,21.19,31.0,31.0,1.01,0.01,Adequate,Workforce capacity appears adequate. Plan approximately 31 workers.
2024-03-24,WH_5,1444,50,1505.43,31.19,29.0,31.0,0.96,0.02,Adequate,Workforce capacity appears adequate. Plan approximately 29 workers.
2024-03-25,WH_5,1566,50,1515.14,38.27,32.0,31.0,1.03,0.03,Adequate,Workforce capacity appears adequate. Plan approximately 32 workers.
2024-03-26,WH_5,1507,50,1510.43,36.7,31.0,31.0,1.0,0.02,Adequate,Workforce capacity appears adequate. Plan approximately 31 workers.
2024-03-27,WH_5,1528,50,1512.71,37.31,31.0,31.0,1.01,0.02,Adequate,Workforce capacity appears adequate. Plan approximately 31 workers.
2024-03-28,WH_5,1505,50,1511.43,37.41,31.0,31.0,1.0,0.02,Adequate,Workforce capacity appears adequate. Plan approximately 31 workers.
2024-03-29,WH_5,1458,50,1505.57,42.54,30.0,31.0,0.97,0.03,Adequate,Workforce capacity appears adequate. Plan approximately 30 workers.
2024-03-30,WH_5,1523,50,1504.43,41.84,31.0,31.0,1.01,0.03,Adequate,Workforce capacity appears adequate. Plan approximately 31 workers.
2024-03-31,WH_5,1486,50,1510.43,34.01,30.0,31.0,0.98,0.02,Adequate,Workforce capacity appears adequate. Plan approximately 30 workers.
2024-04-01,WH_5,1586,50,1513.29,39.81,32.0,31.0,1.05,0.03,Adequate,Workforce capacity appears adequate. Plan approximately 32 workers.
2024-04-02,WH_5,1459,50,1506.43,44.88,30.0,31.0,0.97,0.03,Adequate,Workforce capacity appears adequate. Plan approximately 30 workers.
2024-04-03,WH_5,1537,50,1507.71,45.72,31.0,31.0,1.02,0.03,Adequate,Workforce capacity appears adequate. Plan approximately 31 workers.
2024-04-04,WH_5,1555,50,1514.86,49.02,32.0,31.0,1.03,0.03,Adequate,Workforce capacity appears adequate. Plan approximately 32 workers.
2024-04-05,WH_5,1473,50,1517.0,46.37,30.0,31.0,0.97,0.03,Adequate,Workforce capacity appears adequate. Plan approximately 30 workers.
2024-04-06,WH_5,1509,50,1515.0,46.37,31.0,31.0,1.0,0.03,Adequate,Workforce capacity appears adequate. Plan approximately 31 workers.
2024-04-07,WH_5,1506,50,1517.86,44.88,31.0,31.0,0.99,0.03,Adequate,Workforce capacity appears adequate. Plan approximately 31 workers.
2024-04-08,WH_5,1584,50,1517.57,44.38,32.0,31.0,1.04,0.03,Adequate,Workforce capacity appears adequate. Plan approximately 32 workers.
2024-04-09,WH_5,1532,50,1528.0,36.13,31.0,31.0,1.0,0.02,Adequate,Workforce capacity appears adequate. Plan approximately 31 workers.
2024-04-10,WH_5,1586,50,1535.0,42.37,32.0,31.0,1.03,0.03,Adequate,Workforce capacity appears adequate. Plan approximately 32 workers.
2024-04-11,WH_5,1455,50,1520.71,50.57,30.0,31.0,0.96,0.03,Adequate,Workforce capacity appears adequate. Plan approximately 30 workers.
2024-04-12,WH_5,1455,50,1518.14,53.76,30.0,31.0,0.96,0.04,Adequate,Workforce capacity appears adequate. Plan approximately 30 workers.
2024-04-13,WH_5,1487,50,1515.0,55.01,30.0,31.0,0.98,0.04,Adequate,Workforce capacity appears adequate. Plan approximately 30 workers.
2024-04-14,WH_5,1514,50,1516.14,54.87,31.0,31.0,1.0,0.04,Adequate,Workforce capacity appears adequate. Plan approximately 31 workers.
2024-04-15,WH_5,1537,50,1509.43,47.58,31.0,31.0,1.02,0.03,Adequate,Workforce capacity appears adequate. Plan approximately 31 workers.
2024-04-16,WH_5,1512,50,1506.57,46.59,31.0,31.0,1.0,0.03,Adequate,Workforce capacity appears adequate. Plan approximately 31 workers.
2024-04-17,WH_5,1441,50,1485.86,36.54,29.0,30.0,0.97,0.02,Adequate,Workforce capacity appears adequate. Plan approximately 29 workers.
2024-04-18,WH_5,1462,50,1486.86,35.63,30.0,30.0,0.98,0.02,Adequate,Workforce capacity appears adequate. Plan approximately 30 workers.
2024-04-19,WH_5,1472,50,1489.29,33.62,30.0,30.0,0.99,0.02,Adequate,Workforce capacity appears adequate. Plan approximately 30 workers.
2024-04-20,WH_5,1458,50,1485.14,35.68,30.0,30.0,0.98,0.02,Adequate,Workforce capacity appears adequate. Plan approximately 30 workers.
2024-04-21,WH_5,1484,50,1480.86,33.36,30.0,30.0,1.0,0.02,Adequate,Workforce capacity appears adequate. Plan approximately 30 workers.
2024-04-22,WH_5,1436,50,1466.43,26.08,29.0,30.0,0.98,0.02,Adequate,Workforce capacity appears adequate. Plan approximately 29 workers.
2024-04-23,WH_5,1507,50,1465.71,24.65,31.0,30.0,1.03,0.02,Adequate,Workforce capacity appears adequate. Plan approximately 31 workers.
2024-04-24,WH_5,1498,50,1473.86,24.54,30.0,30.0,1.02,0.02,Adequate,Workforce capacity appears adequate. Plan approximately 30 workers.
2024-04-25,WH_5,1468,50,1474.71,24.16,30.0,30.0,1.0,0.02,Adequate,Workforce capacity appears adequate. Plan approximately 30 workers.
2024-04-26,WH_5,1401,50,1464.57,36.99,29.0,30.0,0.96,0.03,Adequate,Workforce capacity appears adequate. Plan approximately 29 workers.
2024-04-27,WH_5,1537,50,1475.86,45.68,31.0,30.0,1.04,0.03,Adequate,Workforce capacity appears adequate. Plan approximately 31 workers.
2024-04-28,WH_5,1497,50,1477.71,46.32,30.0,30.0,1.01,0.03,Adequate,Workforce capacity appears adequate. Plan approximately 30 workers.
2024-04-29,WH_5,1397,50,1472.14,53.9,28.0,30.0,0.95,0.04,Adequate,Workforce capacity appears adequate. Plan approximately 28 workers.
2024-04-30,WH_5,1555,50,1479.0,61.58,32.0,30.0,1.05,0.04,Adequate,Workforce capacity appears adequate. Plan approximately 32 workers.
2024-05-01,WH_5,1455,50,1472.86,61.52,30.0,30.0,0.99,0.04,Adequate,Workforce capacity appears adequate. Plan approximately 30 workers.
2024-05-02,WH_5,1465,50,1472.43,61.57,30.0,30.0,0.99,0.04,Adequate,Workforce capacity appears adequate. Plan approximately 30 workers.
2024-05-03,WH_5,1417,50,1474.71,58.7,29.0,30.0,0.96,0.04,Adequate,Workforce capacity appears adequate. Plan approximately 29 workers.
2024-05-04,WH_5,1436,50,1460.29,52.97,29.0,30.0,0.98,0.04,Adequate,Workforce capacity appears adequate. Plan approximately 29 workers.
2024-05-05,WH_5,1393,50,1445.43,55.49,28.0,29.0,0.96,0.04,Adequate,Workforce capacity appears adequate. Plan approximately 28 workers.
2024-05-06,WH_5,1409,50,1447.14,53.9,29.0,29.0,0.97,0.04,Adequate,Workforce capacity appears adequate. Plan approximately 29 workers.
2024-05-07,WH_5,1377,50,1421.71,32.13,28.0,29.0,0.97,0.02,Adequate,Workforce capacity appears adequate. Plan approximately 28 workers.
2024-05-08,WH_5,1366,50,1409.0,34.3,28.0,29.0,0.97,0.02,Adequate,Workforce capacity appears adequate. Plan approximately 28 workers.
2024-05-09,WH_5,1382,50,1397.14,24.72,28.0,28.0,0.99,0.02,Adequate,Workforce capacity appears adequate. Plan approximately 28 workers.
2024-05-10,WH_5,1405,50,1395.43,23.5,29.0,28.0,1.01,0.02,Adequate,Workforce capacity appears adequate. Plan approximately 29 workers.
2024-05-11,WH_5,1399,50,1390.14,15.73,28.0,28.0,1.01,0.01,Adequate,Workforce capacity appears adequate. Plan approximately 28 workers.
2024-05-12,WH_5,1404,50,1391.71,16.59,29.0,28.0,1.01,0.01,Adequate,Workforce capacity appears adequate. Plan approximately 29 workers.
2024-05-13,WH_5,1336,50,1381.29,24.82,27.0,28.0,0.97,0.02,Adequate,Workforce capacity appears adequate. Plan approximately 27 workers.
2024-05-14,WH_5,1430,50,1388.86,30.68,29.0,28.0,1.03,0.02,Adequate,Workforce capacity appears adequate. Plan approximately 29 workers.
2024-05-15,WH_5,1344,50,1385.71,34.33,27.0,28.0,0.97,0.02,Adequate,Workforce capacity appears adequate. Plan approximately 27 workers.
2024-05-16,WH_5,1366,50,1383.43,35.14,28.0,28.0,0.99,0.03,Adequate,Workforce capacity appears adequate. Plan approximately 28 workers.
2024-05-17,WH_5,1400,50,1382.71,34.67,28.0,28.0,1.01,0.03,Adequate,Workforce capacity appears adequate. Plan approximately 28 workers.
2024-05-18,WH_5,1358,50,1376.86,34.93,28.0,28.0,0.99,0.03,Adequate,Workforce capacity appears adequate. Plan approximately 28 workers.
2024-05-19,WH_5,1356,50,1370.0,33.39,28.0,28.0,0.99,0.02,Adequate,Workforce capacity appears adequate. Plan approximately 28 workers.
2024-05-20,WH_5,1301,50,1365.0,41.06,27.0,28.0,0.95,0.03,Adequate,Workforce capacity appears adequate. Plan approximately 27 workers.
2024-05-21,WH_5,1223,50,1335.43,57.64,25.0,27.0,0.92,0.04,Adequate,Workforce capacity appears adequate. Plan approximately 25 workers.
2024-05-22,WH_5,1270,50,1324.86,62.4,26.0,27.0,0.96,0.05,Adequate,Workforce capacity appears adequate. Plan approximately 26 workers.
2024-05-23,WH_5,1302,50,1315.71,60.01,27.0,27.0,0.99,0.05,Adequate,Workforce capacity appears adequate. Plan approximately 27 workers.
2024-05-24,WH_5,1360,50,1310.0,52.02,28.0,27.0,1.04,0.04,Adequate,Workforce capacity appears adequate. Plan approximately 28 workers.
2024-05-25,WH_5,1325,50,1305.29,48.3,27.0,27.0,1.02,0.04,Adequate,Workforce capacity appears adequate. Plan approximately 27 workers.
2024-05-26,WH_5,1299,50,1297.14,42.82,26.0,26.0,1.0,0.03,Adequate,Workforce capacity appears adequate. Plan approximately 26 workers.
2024-05-27,WH_5,1279,50,1294.0,43.3,26.0,26.0,0.99,0.03,Adequate,Workforce capacity appears adequate. Plan approximately 26 workers.
2024-05-28,WH_5,1312,50,1306.71,30.0,27.0,27.0,1.0,0.02,Adequate,Workforce capacity appears adequate. Plan approximately 27 workers.
2024-05-29,WH_5,1294,50,1310.14,26.24,26.0,27.0,0.99,0.02,Adequate,Workforce capacity appears adequate. Plan approximately 26 workers.
2024-05-30,WH_5,1241,50,1301.43,37.22,25.0,27.0,0.95,0.03,Adequate,Workforce capacity appears adequate. Plan approximately 25 workers.
2024-05-31,WH_5,1268,50,1288.29,28.26,26.0,26.0,0.98,0.02,Adequate,Workforce capacity appears adequate. Plan approximately 26 workers.
2024-06-01,WH_5,1184,50,1268.14,43.74,24.0,26.0,0.93,0.03,Adequate,Workforce capacity appears adequate. Plan approximately 24 workers.
2024-06-02,WH_5,1207,50,1255.0,46.65,25.0,26.0,0.96,0.04,Adequate,Workforce capacity appears adequate. Plan approximately 25 workers.
2024-06-03,WH_5,1279,50,1255.0,46.65,26.0,26.0,1.02,0.04,Adequate,Workforce capacity appears adequate. Plan approximately 26 workers.
2024-06-04,WH_5,1209,50,1240.29,41.65,25.0,25.0,0.97,0.03,Adequate,Workforce capacity appears adequate. Plan approximately 25 workers.
2024-06-05,WH_5,1265,50,1236.14,36.54,26.0,25.0,1.02,0.03,Adequate,Workforce capacity appears adequate. Plan approximately 26 workers.
2024-06-06,WH_5,1287,50,1242.71,41.38,26.0,25.0,1.04,0.03,Adequate,Workforce capacity appears adequate. Plan approximately 26 workers.
2024-06-07,WH_5,1203,50,1233.43,42.05,25.0,25.0,0.98,0.03,Adequate,Workforce capacity appears adequate. Plan approximately 25 workers.
2024-06-08,WH_5,1181,50,1233.0,42.65,24.0,25.0,0.96,0.03,Adequate,Workforce capacity appears adequate. Plan approximately 24 workers.
2024-06-09,WH_5,1219,50,1234.71,41.66,25.0,25.0,0.99,0.03,Adequate,Workforce capacity appears adequate. Plan approximately 25 workers.
2024-06-10,WH_5,1201,50,1223.57,38.12,25.0,25.0,0.98,0.03,Adequate,Workforce capacity appears adequate. Plan approximately 25 workers.
2024-06-11,WH_5,1177,50,1219.0,41.89,24.0,25.0,0.97,0.03,Adequate,Workforce capacity appears adequate. Plan approximately 24 workers.
2024-06-12,WH_5,1127,50,1199.29,48.57,23.0,24.0,0.94,0.04,Adequate,Workforce capacity appears adequate. Plan approximately 23 workers.
2024-06-13,WH_5,1169,50,1182.43,29.97,24.0,24.0,0.99,0.03,Adequate,Workforce capacity appears adequate. Plan approximately 24 workers.
2024-06-14,WH_5,1114,50,1169.71,37.68,23.0,24.0,0.95,0.03,Adequate,Workforce capacity appears adequate. Plan approximately 23 workers.
2024-06-15,WH_5,1114,50,1160.14,42.53,23.0,24.0,0.96,0.04,Adequate,Workforce capacity appears adequate. Plan approximately 23 workers.
2024-06-16,WH_5,1179,50,1154.43,35.39,24.0,24.0,1.02,0.03,Adequate,Workforce capacity appears adequate. Plan approximately 24 workers.
2024-06-17,WH_5,1036,50,1130.86,50.8,21.0,23.0,0.92,0.04,Adequate,Workforce capacity appears adequate. Plan approximately 21 workers.
2024-06-18,WH_5,1048,50,1112.43,54.53,21.0,23.0,0.94,0.05,Adequate,Workforce capacity appears adequate. Plan approximately 21 workers.
2024-06-19,WH_5,1095,50,1107.86,54.45,22.0,23.0,0.99,0.05,Adequate,Workforce capacity appears adequate. Plan approximately 22 workers.
2024-06-20,WH_5,1104,50,1098.57,47.36,23.0,22.0,1.0,0.04,Adequate,Workforce capacity appears adequate. Plan approximately 23 workers.
2024-06-21,WH_5,1110,50,1098.0,47.17,23.0,22.0,1.01,0.04,Adequate,Workforce capacity appears adequate. Plan approximately 23 workers.
2024-06-22,WH_5,1029,50,1085.86,52.95,21.0,22.0,0.95,0.05,Adequate,Workforce capacity appears adequate. Plan approximately 21 workers.
2024-06-23,WH_5,1082,50,1072.0,33.71,22.0,22.0,1.01,0.03,Adequate,Workforce capacity appears adequate. Plan approximately 22 workers.
2024-06-24,WH_5,1020,50,1069.71,36.94,21.0,22.0,0.95,0.03,Adequate,Workforce capacity appears adequate. Plan approximately 21 workers.
2024-06-25,WH_5,1053,50,1070.43,36.5,22.0,22.0,0.98,0.03,Adequate,Workforce capacity appears adequate. Plan approximately 22 workers.
2024-06-26,WH_5,1044,50,1063.14,35.86,21.0,22.0,0.98,0.03,Adequate,Workforce capacity appears adequate. Plan approximately 21 workers.
2024-06-27,WH_5,1012,50,1050.0,35.25,21.0,21.0,0.96,0.03,Adequate,Workforce capacity appears adequate. Plan approximately 21 workers.
2024-06-28,WH_5,1035,50,1039.29,23.36,21.0,21.0,1.0,0.02,Adequate,Workforce capacity appears adequate. Plan approximately 21 workers.
2024-06-29,WH_5,982,50,1032.57,31.98,20.0,21.0,0.95,0.03,Adequate,Workforce capacity appears adequate. Plan approximately 20 workers.
2024-06-30,WH_5,1037,50,1026.14,23.88,21.0,21.0,1.01,0.02,Adequate,Workforce capacity appears adequate. Plan approximately 21 workers.
2024-07-01,WH_5,1022,50,1026.43,23.81,21.0,21.0,1.0,0.02,Adequate,Workforce capacity appears adequate. Plan approximately 21 workers.
2024-07-02,WH_5,960,50,1013.14,31.29,20.0,21.0,0.95,0.03,Adequate,Workforce capacity appears adequate. Plan approximately 20 workers.
2024-07-03,WH_5,999,50,1006.71,28.38,20.0,21.0,0.99,0.03,Adequate,Workforce capacity appears adequate. Plan approximately 20 workers.
2024-07-04,WH_5,927,50,994.57,41.08,19.0,20.0,0.93,0.04,Adequate,Workforce capacity appears adequate. Plan approximately 19 workers.
2024-07-05,WH_5,879,50,972.29,55.33,18.0,20.0,0.9,0.06,Adequate,Workforce capacity appears adequate. Plan approximately 18 workers.
2024-07-06,WH_5,1002,50,975.14,56.43,21.0,20.0,1.03,0.06,Adequate,Workforce capacity appears adequate. Plan approximately 21 workers.
2024-07-07,WH_5,981,50,967.14,49.77,20.0,20.0,1.01,0.05,Adequate,Workforce capacity appears adequate. Plan approximately 20 workers.
2024-07-08,WH_5,879,50,946.71,52.76,18.0,19.0,0.93,0.06,Adequate,Workforce capacity appears adequate. Plan approximately 18 workers.
2024-07-09,WH_5,870,50,933.86,59.52,18.0,19.0,0.93,0.06,Adequate,Workforce capacity appears adequate. Plan approximately 18 workers.
2024-07-10,WH_5,876,50,916.29,55.07,18.0,19.0,0.96,0.06,Adequate,Workforce capacity appears adequate. Plan approximately 18 workers.
2024-07-11,WH_5,925,50,916.0,55.01,19.0,19.0,1.01,0.06,Adequate,Workforce capacity appears adequate. Plan approximately 19 workers.
2024-07-12,WH_5,870,50,914.71,56.11,18.0,19.0,0.95,0.06,Adequate,Workforce capacity appears adequate. Plan approximately 18 workers.
2024-07-13,WH_5,931,50,904.57,42.46,19.0,19.0,1.03,0.05,Adequate,Workforce capacity appears adequate. Plan approximately 19 workers.
2024-07-14,WH_5,881,50,890.29,26.15,18.0,18.0,0.99,0.03,Adequate,Workforce capacity appears adequate. Plan approximately 18 workers.
2024-07-15,WH_5,908,50,894.43,26.36,19.0,18.0,1.02,0.03,Adequate,Workforce capacity appears adequate. Plan approximately 19 workers.
2024-07-16,WH_5,790,50,883.0,47.55,16.0,18.0,0.89,0.05,Adequate,Workforce capacity appears adequate. Plan approximately 16 workers.
2024-07-17,WH_5,823,50,875.43,52.78,17.0,18.0,0.94,0.06,Adequate,Workforce capacity appears adequate. Plan approximately 17 workers.
2024-07-18,WH_5,815,50,859.71,51.93,17.0,18.0,0.95,0.06,Adequate,Workforce capacity appears adequate. Plan approximately 17 workers.
2024-07-19,WH_5,772,50,845.71,61.09,16.0,17.0,0.91,0.07,Adequate,Workforce capacity appears adequate. Plan approximately 16 workers.
2024-07-20,WH_5,780,50,824.14,51.93,16.0,17.0,0.95,0.06,Adequate,Workforce capacity appears adequate. Plan approximately 16 workers.
2024-07-21,WH_5,876,50,823.43,51.05,18.0,17.0,1.06,0.06,Adequate,Workforce capacity appears adequate. Plan approximately 18 workers.
2024-07-22,WH_5,808,50,809.14,34.86,17.0,17.0,1.0,0.04,Adequate,Workforce capacity appears adequate. Plan approximately 17 workers.
2024-07-23,WH_5,821,50,813.57,33.98,17.0,17.0,1.01,0.04,Adequate,Workforce capacity appears adequate. Plan approximately 17 workers.
2024-07-24,WH_5,837,50,815.57,35.03,17.0,17.0,1.03,0.04,Adequate,Workforce capacity appears adequate. Plan approximately 17 workers.
2024-07-25,WH_5,718,50,801.71,50.89,15.0,17.0,0.9,0.06,Adequate,Workforce capacity appears adequate. Plan approximately 15 workers.
2024-07-26,WH_5,820,50,808.57,49.43,17.0,17.0,1.01,0.06,Adequate,Workforce capacity appears adequate. Plan approximately 17 workers.
2024-07-27,WH_5,791,50,810.14,48.54,16.0,17.0,0.98,0.06,Adequate,Workforce capacity appears adequate. Plan approximately 16 workers.
2024-07-28,WH_5,782,50,796.71,39.43,16.0,16.0,0.98,0.05,Adequate,Workforce capacity appears adequate. Plan approximately 16 workers.
2024-07-29,WH_5,723,50,784.57,47.61,15.0,16.0,0.92,0.06,Adequate,Workforce capacity appears adequate. Plan approximately 15 workers.
2024-07-30,WH_5,822,50,784.71,47.74,17.0,16.0,1.05,0.06,Adequate,Workforce capacity appears adequate. Plan approximately 17 workers.
2024-07-31,WH_5,799,50,779.29,42.7,16.0,16.0,1.03,0.05,Adequate,Workforce capacity appears adequate. Plan approximately 16 workers.
2024-08-01,WH_5,797,50,790.57,33.18,16.0,16.0,1.01,0.04,Adequate,Workforce capacity appears adequate. Plan approximately 16 workers.
2024-08-02,WH_5,804,50,788.29,31.31,17.0,16.0,1.02,0.04,Adequate,Workforce capacity appears adequate. Plan approximately 17 workers.
2024-08-03,WH_5,723,50,778.57,39.74,15.0,16.0,0.93,0.05,Adequate,Workforce capacity appears adequate. Plan approximately 15 workers.
2024-08-04,WH_5,764,50,776.0,40.07,16.0,16.0,0.98,0.05,Adequate,Workforce capacity appears adequate. Plan approximately 16 workers.
2024-08-05,WH_5,695,50,772.0,47.03,14.0,16.0,0.9,0.06,Adequate,Workforce capacity appears adequate. Plan approximately 14 workers.
2024-08-06,WH_5,644,50,746.57,61.41,13.0,15.0,0.86,0.08,Adequate,Workforce capacity appears adequate. Plan approximately 13 workers.
2024-08-07,WH_5,642,50,724.14,67.45,13.0,15.0,0.89,0.09,Adequate,Workforce capacity appears adequate. Plan approximately 13 workers.
2024-08-08,WH_5,717,50,712.71,59.33,15.0,15.0,1.01,0.08,Adequate,Workforce capacity appears adequate. Plan approximately 15 workers.
2024-08-09,WH_5,685,50,695.71,43.85,14.0,14.0,0.98,0.06,Adequate,Workforce capacity appears adequate. Plan approximately 14 workers.
2024-08-10,WH_5,669,50,688.0,42.99,14.0,14.0,0.97,0.06,Adequate,Workforce capacity appears adequate. Plan approximately 14 workers.
2024-08-11,WH_5,703,50,679.29,28.88,15.0,14.0,1.03,0.04,Adequate,Workforce capacity appears adequate. Plan approximately 15 workers.
2024-08-12,WH_5,639,50,671.29,31.45,13.0,14.0,0.95,0.05,Adequate,Workforce capacity appears adequate. Plan approximately 13 workers.
2024-08-13,WH_5,653,50,672.57,30.31,14.0,14.0,0.97,0.05,Adequate,Workforce capacity appears adequate. Plan approximately 14 workers.
2024-08-14,WH_5,660,50,675.14,27.95,14.0,14.0,0.98,0.04,Adequate,Workforce capacity appears adequate. Plan approximately 14 workers.
2024-08-15,WH_5,627,50,662.29,26.13,13.0,14.0,0.95,0.04,Adequate,Workforce capacity appears adequate. Plan approximately 13 workers.
2024-08-16,WH_5,599,50,650.0,32.99,12.0,13.0,0.92,0.05,Adequate,Workforce capacity appears adequate. Plan approximately 12 workers.
2024-08-17,WH_5,714,50,656.43,40.78,15.0,14.0,1.09,0.06,Adequate,Workforce capacity appears adequate. Plan approximately 15 workers.
2024-08-18,WH_5,592,50,640.57,41.23,12.0,13.0,0.92,0.06,Adequate,Workforce capacity appears adequate. Plan approximately 12 workers.
2024-08-19,WH_5,614,50,637.0,42.45,13.0,13.0,0.96,0.07,Adequate,Workforce capacity appears adequate. Plan approximately 13 workers.
2024-08-20,WH_5,571,50,625.29,48.22,12.0,13.0,0.91,0.08,Adequate,Workforce capacity appears adequate. Plan approximately 12 workers.
2024-08-21,WH_5,667,50,626.29,49.12,14.0,13.0,1.07,0.08,Adequate,Workforce capacity appears adequate. Plan approximately 14 workers.
2024-08-22,WH_5,567,50,617.71,53.97,12.0,13.0,0.92,0.09,Adequate,Workforce capacity appears adequate. Plan approximately 12 workers.
2024-08-23,WH_5,612,50,619.57,53.44,13.0,13.0,0.99,0.09,Adequate,Workforce capacity appears adequate. Plan approximately 13 workers.
2024-08-24,WH_5,538,50,594.43,41.73,11.0,12.0,0.91,0.07,Adequate,Workforce capacity appears adequate. Plan approximately 11 workers.
2024-08-25,WH_5,568,50,591.0,42.93,12.0,12.0,0.96,0.07,Adequate,Workforce capacity appears adequate. Plan approximately 12 workers.
2024-08-26,WH_5,558,50,583.0,43.15,12.0,12.0,0.96,0.07,Adequate,Workforce capacity appears adequate. Plan approximately 12 workers.
2024-08-27,WH_5,620,50,590.0,44.82,13.0,12.0,1.05,0.08,Adequate,Workforce capacity appears adequate. Plan approximately 13 workers.
2024-08-28,WH_5,528,50,570.14,34.66,11.0,12.0,0.93,0.06,Adequate,Workforce capacity appears adequate. Plan approximately 11 workers.
2024-08-29,WH_5,539,50,566.14,36.64,11.0,12.0,0.95,0.06,Adequate,Workforce capacity appears adequate. Plan approximately 11 workers.
2024-08-30,WH_5,570,50,560.14,30.87,12.0,12.0,1.02,0.06,Adequate,Workforce capacity appears adequate. Plan approximately 12 workers.
2024-08-31,WH_5,599,50,568.86,32.16,12.0,12.0,1.05,0.06,Adequate,Workforce capacity appears adequate. Plan approximately 12 workers.
2024-09-01,WH_5,594,50,572.57,33.52,12.0,12.0,1.04,0.06,Adequate,Workforce capacity appears adequate. Plan approximately 12 workers.
2024-09-02,WH_5,510,50,565.71,41.06,11.0,12.0,0.9,0.07,Adequate,Workforce capacity appears adequate. Plan approximately 11 workers.
2024-09-03,WH_5,518,50,551.14,36.42,11.0,12.0,0.94,0.07,Adequate,Workforce capacity appears adequate. Plan approximately 11 workers.
2024-09-04,WH_5,535,50,552.14,35.77,11.0,12.0,0.97,0.06,Adequate,Workforce capacity appears adequate. Plan approximately 11 workers.
2024-09-05,WH_5,545,50,553.0,35.47,11.0,12.0,0.99,0.06,Adequate,Workforce capacity appears adequate. Plan approximately 11 workers.
2024-09-06,WH_5,508,50,544.14,38.16,11.0,11.0,0.93,0.07,Adequate,Workforce capacity appears adequate. Plan approximately 11 workers.
2024-09-07,WH_5,497,50,529.57,32.82,10.0,11.0,0.94,0.06,Adequate,Workforce capacity appears adequate. Plan approximately 10 workers.
2024-09-08,WH_5,574,50,526.71,26.54,12.0,11.0,1.09,0.05,Adequate,Workforce capacity appears adequate. Plan approximately 12 workers.
2024-09-09,WH_5,519,50,528.0,25.81,11.0,11.0,0.98,0.05,Adequate,Workforce capacity appears adequate. Plan approximately 11 workers.
2024-09-10,WH_5,533,50,530.14,25.46,11.0,11.0,1.01,0.05,Adequate,Workforce capacity appears adequate. Plan approximately 11 workers.
2024-09-11,WH_5,507,50,526.14,26.74,11.0,11.0,0.96,0.05,Adequate,Workforce capacity appears adequate. Plan approximately 11 workers.
2024-09-12,WH_5,558,50,528.0,28.65,12.0,11.0,1.06,0.05,Adequate,Workforce capacity appears adequate. Plan approximately 12 workers.
2024-09-13,WH_5,473,50,523.0,35.06,10.0,11.0,0.9,0.07,Adequate,Workforce capacity appears adequate. Plan approximately 10 workers.
2024-09-14,WH_5,544,50,529.71,33.72,11.0,11.0,1.03,0.06,Adequate,Workforce capacity appears adequate. Plan approximately 11 workers.
2024-09-15,WH_5,492,50,518.0,29.79,10.0,11.0,0.95,0.06,Adequate,Workforce capacity appears adequate. Plan approximately 10 workers.
2024-09-16,WH_5,538,50,520.71,30.74,11.0,11.0,1.03,0.06,Adequate,Workforce capacity appears adequate. Plan approximately 11 workers.
2024-09-17,WH_5,477,50,512.71,34.12,10.0,11.0,0.93,0.07,Adequate,Workforce capacity appears adequate. Plan approximately 10 workers.
2024-09-18,WH_5,478,50,508.57,36.6,10.0,11.0,0.94,0.07,Adequate,Workforce capacity appears adequate. Plan approximately 10 workers.
2024-09-19,WH_5,481,50,497.57,30.29,10.0,10.0,0.97,0.06,Adequate,Workforce capacity appears adequate. Plan approximately 10 workers.
2024-09-20,WH_5,501,50,501.57,28.29,11.0,11.0,1.0,0.06,Adequate,Workforce capacity appears adequate. Plan approximately 11 workers.
2024-09-21,WH_5,495,50,494.57,21.22,10.0,10.0,1.0,0.04,Adequate,Workforce capacity appears adequate. Plan approximately 10 workers.
2024-09-22,WH_5,479,50,492.71,22.04,10.0,10.0,0.97,0.04,Adequate,Workforce capacity appears adequate. Plan approximately 10 workers.
2024-09-23,WH_5,516,50,489.57,14.92,11.0,10.0,1.05,0.03,Adequate,Workforce capacity appears adequate. Plan approximately 11 workers.
2024-09-24,WH_5,540,50,498.57,22.93,11.0,10.0,1.08,0.05,Adequate,Workforce capacity appears adequate. Plan approximately 11 workers.
2024-09-25,WH_5,461,50,496.14,26.14,10.0,10.0,0.93,0.05,Adequate,Workforce capacity appears adequate. Plan approximately 10 workers.
2024-09-26,WH_5,495,50,498.14,25.31,10.0,10.0,0.99,0.05,Adequate,Workforce capacity appears adequate. Plan approximately 10 workers.
2024-09-27,WH_5,551,50,505.29,32.34,12.0,11.0,1.09,0.06,Adequate,Workforce capacity appears adequate. Plan approximately 12 workers.
2024-09-28,WH_5,527,50,509.86,32.9,11.0,11.0,1.03,0.06,Adequate,Workforce capacity appears adequate. Plan approximately 11 workers.
2024-09-29,WH_5,453,50,506.14,38.03,10.0,11.0,0.9,0.08,Adequate,Workforce capacity appears adequate. Plan approximately 10 workers.
2024-09-30,WH_5,435,50,494.57,46.01,9.0,10.0,0.88,0.09,Adequate,Workforce capacity appears adequate. Plan approximately 9 workers.
2024-10-01,WH_5,480,50,486.0,41.51,10.0,10.0,0.99,0.09,Adequate,Workforce capacity appears adequate. Plan approximately 10 workers.
2024-10-02,WH_5,459,50,485.71,41.72,10.0,10.0,0.94,0.09,Adequate,Workforce capacity appears adequate. Plan approximately 10 workers.
2024-10-03,WH_5,403,50,472.57,51.62,9.0,10.0,0.85,0.11,Adequate,Workforce capacity appears adequate. Plan approximately 9 workers.
2024-10-04,WH_5,511,50,466.86,42.98,11.0,10.0,1.09,0.09,Adequate,Workforce capacity appears adequate. Plan approximately 11 workers.
2024-10-05,WH_5,476,50,459.57,34.59,10.0,10.0,1.04,0.08,Adequate,Workforce capacity appears adequate. Plan approximately 10 workers.
2024-10-06,WH_5,544,50,472.57,46.69,11.0,10.0,1.15,0.1,Monitor,Workload is above recent average. Monitor staffing and consider 11 workers.
2024-10-07,WH_5,475,50,478.29,43.68,10.0,10.0,0.99,0.09,Adequate,Workforce capacity appears adequate. Plan approximately 10 workers.
2024-10-08,WH_5,525,50,484.71,47.15,11.0,10.0,1.08,0.1,Adequate,Workforce capacity appears adequate. Plan approximately 11 workers.
2024-10-09,WH_5,564,50,499.71,53.83,12.0,10.0,1.13,0.11,Monitor,Workload is above recent average. Monitor staffing and consider 12 workers.
2024-10-10,WH_5,456,50,507.29,39.88,10.0,11.0,0.9,0.08,Adequate,Workforce capacity appears adequate. Plan approximately 10 workers.
2024-10-11,WH_5,510,50,507.14,39.87,11.0,11.0,1.01,0.08,Adequate,Workforce capacity appears adequate. Plan approximately 11 workers.
2024-10-12,WH_5,477,50,507.29,39.74,10.0,11.0,0.94,0.08,Adequate,Workforce capacity appears adequate. Plan approximately 10 workers.
2024-10-13,WH_5,551,50,508.29,40.89,12.0,11.0,1.08,0.08,Adequate,Workforce capacity appears adequate. Plan approximately 12 workers.
2024-10-14,WH_5,509,50,513.14,38.21,11.0,11.0,0.99,0.07,Adequate,Workforce capacity appears adequate. Plan approximately 11 workers.
2024-10-15,WH_5,520,50,512.43,37.99,11.0,11.0,1.01,0.07,Adequate,Workforce capacity appears adequate. Plan approximately 11 workers.
2024-10-16,WH_5,469,50,498.86,33.16,10.0,10.0,0.94,0.07,Adequate,Workforce capacity appears adequate. Plan approximately 10 workers.
2024-10-17,WH_5,525,50,508.71,28.18,11.0,11.0,1.03,0.06,Adequate,Workforce capacity appears adequate. Plan approximately 11 workers.
2024-10-18,WH_5,477,50,504.0,30.59,10.0,11.0,0.95,0.06,Adequate,Workforce capacity appears adequate. Plan approximately 10 workers.
2024-10-19,WH_5,531,50,511.71,29.43,11.0,11.0,1.04,0.06,Adequate,Workforce capacity appears adequate. Plan approximately 11 workers.
2024-10-20,WH_5,482,50,501.86,25.35,10.0,11.0,0.96,0.05,Adequate,Workforce capacity appears adequate. Plan approximately 10 workers.
2024-10-21,WH_5,556,50,508.57,32.72,12.0,11.0,1.09,0.06,Adequate,Workforce capacity appears adequate. Plan approximately 12 workers.
2024-10-22,WH_5,464,50,500.57,36.12,10.0,11.0,0.93,0.07,Adequate,Workforce capacity appears adequate. Plan approximately 10 workers.
2024-10-23,WH_5,535,50,510.0,35.11,11.0,11.0,1.05,0.07,Adequate,Workforce capacity appears adequate. Plan approximately 11 workers.
2024-10-24,WH_5,502,50,506.71,34.54,11.0,11.0,0.99,0.07,Adequate,Workforce capacity appears adequate. Plan approximately 11 workers.
2024-10-25,WH_5,448,50,502.57,40.01,9.0,11.0,0.89,0.08,Adequate,Workforce capacity appears adequate. Plan approximately 9 workers.
2024-10-26,WH_5,484,50,495.86,38.35,10.0,10.0,0.98,0.08,Adequate,Workforce capacity appears adequate. Plan approximately 10 workers.
2024-10-27,WH_5,489,50,496.86,38.02,10.0,10.0,0.98,0.08,Adequate,Workforce capacity appears adequate. Plan approximately 10 workers.
2024-10-28,WH_5,570,50,498.86,41.83,12.0,10.0,1.14,0.08,Monitor,Workload is above recent average. Monitor staffing and consider 12 workers.
2024-10-29,WH_5,652,50,525.71,67.93,14.0,11.0,1.24,0.13,Monitor,Workload is above recent average. Monitor staffing and consider 14 workers.
2024-10-30,WH_5,599,50,534.86,73.47,12.0,11.0,1.12,0.14,Monitor,Workload is above recent average. Monitor staffing and consider 12 workers.
2024-10-31,WH_5,608,50,550.0,76.43,13.0,11.0,1.11,0.14,Monitor,Workload is above recent average. Monitor staffing and consider 13 workers.
2024-11-01,WH_5,582,50,569.14,62.05,12.0,12.0,1.02,0.11,Adequate,Workforce capacity appears adequate. Plan approximately 12 workers.
2024-11-02,WH_5,574,50,582.0,49.53,12.0,12.0,0.99,0.09,Adequate,Workforce capacity appears adequate. Plan approximately 12 workers.
2024-11-03,WH_5,573,50,594.0,29.29,12.0,12.0,0.96,0.05,Adequate,Workforce capacity appears adequate. Plan approximately 12 workers.
2024-11-04,WH_5,562,50,592.86,30.51,12.0,12.0,0.95,0.05,Adequate,Workforce capacity appears adequate. Plan approximately 12 workers.
2024-11-05,WH_5,538,50,576.57,23.24,11.0,12.0,0.93,0.04,Adequate,Workforce capacity appears adequate. Plan approximately 11 workers.
2024-11-06,WH_5,586,50,574.71,21.61,12.0,12.0,1.02,0.04,Adequate,Workforce capacity appears adequate. Plan approximately 12 workers.
2024-11-07,WH_5,645,50,580.0,32.76,13.0,12.0,1.11,0.06,Monitor,Workload is above recent average. Monitor staffing and consider 13 workers.
2024-11-08,WH_5,639,50,588.14,39.69,13.0,12.0,1.09,0.07,Adequate,Workforce capacity appears adequate. Plan approximately 13 workers.
2024-11-09,WH_5,545,50,584.0,42.8,11.0,12.0,0.93,0.07,Adequate,Workforce capacity appears adequate. Plan approximately 11 workers.
2024-11-10,WH_5,617,50,590.29,44.13,13.0,12.0,1.05,0.07,Adequate,Workforce capacity appears adequate. Plan approximately 13 workers.
2024-11-11,WH_5,641,50,601.57,45.76,13.0,13.0,1.07,0.08,Adequate,Workforce capacity appears adequate. Plan approximately 13 workers.
2024-11-12,WH_5,641,50,616.29,37.77,13.0,13.0,1.04,0.06,Adequate,Workforce capacity appears adequate. Plan approximately 13 workers.
2024-11-13,WH_5,595,50,617.57,36.71,12.0,13.0,0.96,0.06,Adequate,Workforce capacity appears adequate. Plan approximately 12 workers.
2024-11-14,WH_5,642,50,617.14,36.35,13.0,13.0,1.04,0.06,Adequate,Workforce capacity appears adequate. Plan approximately 13 workers.
2024-11-15,WH_5,652,50,619.0,37.95,14.0,13.0,1.05,0.06,Adequate,Workforce capacity appears adequate. Plan approximately 14 workers.
2024-11-16,WH_5,618,50,629.43,20.02,13.0,13.0,0.98,0.03,Adequate,Workforce capacity appears adequate. Plan approximately 13 workers.
2024-11-17,WH_5,615,50,629.14,20.24,13.0,13.0,0.98,0.03,Adequate,Workforce capacity appears adequate. Plan approximately 13 workers.
2024-11-18,WH_5,692,50,636.43,31.35,14.0,13.0,1.09,0.05,Adequate,Workforce capacity appears adequate. Plan approximately 14 workers.
2024-11-19,WH_5,649,50,637.57,31.69,13.0,13.0,1.02,0.05,Adequate,Workforce capacity appears adequate. Plan approximately 13 workers.
2024-11-20,WH_5,729,50,656.71,40.84,15.0,14.0,1.11,0.06,Monitor,Workload is above recent average. Monitor staffing and consider 15 workers.
2024-11-21,WH_5,764,50,674.14,56.53,16.0,14.0,1.13,0.08,Monitor,Workload is above recent average. Monitor staffing and consider 16 workers.
2024-11-22,WH_5,656,50,674.71,56.29,14.0,14.0,0.97,0.08,Adequate,Workforce capacity appears adequate. Plan approximately 14 workers.
2024-11-23,WH_5,725,50,690.0,52.74,15.0,14.0,1.05,0.08,Adequate,Workforce capacity appears adequate. Plan approximately 15 workers.
2024-11-24,WH_5,672,50,698.14,42.67,14.0,14.0,0.96,0.06,Adequate,Workforce capacity appears adequate. Plan approximately 14 workers.
2024-11-25,WH_5,797,50,713.14,56.4,16.0,15.0,1.12,0.08,Monitor,Workload is above recent average. Monitor staffing and consider 16 workers.
2024-11-26,WH_5,650,50,713.29,56.21,13.0,15.0,0.91,0.08,Adequate,Workforce capacity appears adequate. Plan approximately 13 workers.
2024-11-27,WH_5,681,50,706.43,56.89,14.0,15.0,0.96,0.08,Adequate,Workforce capacity appears adequate. Plan approximately 14 workers.
2024-11-28,WH_5,716,50,699.57,51.43,15.0,14.0,1.02,0.07,Adequate,Workforce capacity appears adequate. Plan approximately 15 workers.
2024-11-29,WH_5,824,50,723.57,65.09,17.0,15.0,1.14,0.09,Monitor,Workload is above recent average. Monitor staffing and consider 17 workers.
2024-11-30,WH_5,748,50,726.86,65.75,15.0,15.0,1.03,0.09,Adequate,Workforce capacity appears adequate. Plan approximately 15 workers.
2024-12-01,WH_5,744,50,737.14,61.22,15.0,15.0,1.01,0.08,Adequate,Workforce capacity appears adequate. Plan approximately 15 workers.
2024-12-02,WH_5,710,50,724.71,55.61,15.0,15.0,0.98,0.08,Adequate,Workforce capacity appears adequate. Plan approximately 15 workers.
2024-12-03,WH_5,755,50,739.71,45.31,16.0,15.0,1.02,0.06,Adequate,Workforce capacity appears adequate. Plan approximately 16 workers.
2024-12-04,WH_5,780,50,753.86,38.93,16.0,16.0,1.03,0.05,Adequate,Workforce capacity appears adequate. Plan approximately 16 workers.
2024-12-05,WH_5,731,50,756.0,36.86,15.0,16.0,0.97,0.05,Adequate,Workforce capacity appears adequate. Plan approximately 15 workers.
2024-12-06,WH_5,779,50,749.57,25.05,16.0,15.0,1.04,0.03,Adequate,Workforce capacity appears adequate. Plan approximately 16 workers.
2024-12-07,WH_5,842,50,763.0,42.9,17.0,16.0,1.1,0.06,Monitor,Workload is above recent average. Monitor staffing and consider 17 workers.
2024-12-08,WH_5,840,50,776.71,50.49,17.0,16.0,1.08,0.07,Adequate,Workforce capacity appears adequate. Plan approximately 17 workers.
2024-12-09,WH_5,815,50,791.71,42.3,17.0,16.0,1.03,0.05,Adequate,Workforce capacity appears adequate. Plan approximately 17 workers.
2024-12-10,WH_5,838,50,803.57,41.92,17.0,17.0,1.04,0.05,Adequate,Workforce capacity appears adequate. Plan approximately 17 workers.
2024-12-11,WH_5,781,50,803.71,41.83,16.0,17.0,0.97,0.05,Adequate,Workforce capacity appears adequate. Plan approximately 16 workers.
2024-12-12,WH_5,845,50,820.0,29.04,17.0,17.0,1.03,0.04,Adequate,Workforce capacity appears adequate. Plan approximately 17 workers.
2024-12-13,WH_5,867,50,832.57,27.33,18.0,17.0,1.04,0.03,Adequate,Workforce capacity appears adequate. Plan approximately 18 workers.
2024-12-14,WH_5,841,50,832.43,27.28,17.0,17.0,1.01,0.03,Adequate,Workforce capacity appears adequate. Plan approximately 17 workers.
2024-12-15,WH_5,888,50,839.29,34.56,18.0,17.0,1.06,0.04,Adequate,Workforce capacity appears adequate. Plan approximately 18 workers.
2024-12-16,WH_5,852,50,844.57,33.02,18.0,17.0,1.01,0.04,Adequate,Workforce capacity appears adequate. Plan approximately 18 workers.
2024-12-17,WH_5,866,50,848.57,33.78,18.0,17.0,1.02,0.04,Adequate,Workforce capacity appears adequate. Plan approximately 18 workers.
2024-12-18,WH_5,901,50,865.71,22.25,19.0,18.0,1.04,0.03,Adequate,Workforce capacity appears adequate. Plan approximately 19 workers.
2024-12-19,WH_5,888,50,871.86,21.51,18.0,18.0,1.02,0.02,Adequate,Workforce capacity appears adequate. Plan approximately 18 workers.
2024-12-20,WH_5,903,50,877.0,24.28,19.0,18.0,1.03,0.03,Adequate,Workforce capacity appears adequate. Plan approximately 19 workers.
2024-12-21,WH_5,961,50,894.14,34.73,20.0,18.0,1.07,0.04,Adequate,Workforce capacity appears adequate. Plan approximately 20 workers.
2024-12-22,WH_5,910,50,897.29,35.08,19.0,18.0,1.01,0.04,Adequate,Workforce capacity appears adequate. Plan approximately 19 workers.
2024-12-23,WH_5,953,50,911.71,34.11,20.0,19.0,1.05,0.04,Adequate,Workforce capacity appears adequate. Plan approximately 20 workers.
2024-12-24,WH_5,994,50,930.0,39.41,20.0,19.0,1.07,0.04,Adequate,Workforce capacity appears adequate. Plan approximately 20 workers.
2024-12-25,WH_5,975,50,940.57,40.25,20.0,19.0,1.04,0.04,Adequate,Workforce capacity appears adequate. Plan approximately 20 workers.
2024-12-26,WH_5,985,50,954.43,35.56,20.0,20.0,1.03,0.04,Adequate,Workforce capacity appears adequate. Plan approximately 20 workers.
2024-12-27,WH_5,1040,50,974.0,39.97,21.0,20.0,1.07,0.04,Adequate,Workforce capacity appears adequate. Plan approximately 21 workers.
2024-12-28,WH_5,1000,50,979.57,40.57,20.0,20.0,1.02,0.04,Adequate,Workforce capacity appears adequate. Plan approximately 20 workers.
2024-12-29,WH_5,1018,50,995.0,28.41,21.0,20.0,1.02,0.03,Adequate,Workforce capacity appears adequate. Plan approximately 21 workers.
2024-12-30,WH_5,998,50,1001.43,21.6,20.0,21.0,1.0,0.02,Adequate,Workforce capacity appears adequate. Plan approximately 20 workers.
